2026-07-20 00:03:00,124 [112] ERROR Repositories.Ocpx.ExportRepository - 导出失败: Table 'rta_info.qianwen_20260624_oaid_ty_senmeng_dx_1394' doesn't exist
2026-07-20 00:03:00,137 [112] ERROR Repositories.Ocpx.ExportRepository - 导出失败: Table 'rta_info.qianwen_20260624_oaid_ty_senmeng_dx_1398' doesn't exist
2026-07-20 00:03:00,140 [109] ERROR Repositories.Ocpx.ExportRepository - 导出失败: Table 'rta_info.qianwen_20260624_oaid_ty_senmeng_pl_1222' doesn't exist
2026-07-20 00:11:05,258 [95] ERROR Models.Ocpx.AccountGroup - Export DownloadAsync dspName:autohome startDate:2026-06-20 endDate:2026-07-19 fileName:oaid
2026-07-20 00:16:50,723 [28] ERROR Ad.Web.BackgroudService.MktDownloadService - FtpGetFileSize ex.msg:The remote server returned an error: (550) File unavailable (e.g., file not found, no access).
2026-07-20 00:26:53,240 [88] ERROR Ad.Web.BackgroudService.MktAudienceFileService - vivo文件 查询人群包状态失败: statusResult={"code":0,"message":"请求成功","data":{"crowdStatus":1,"matchType":"OAIDMD5","pushStatus":2,"crowId":1905479,"isAllowUpdate":0}}
2026-07-20 00:26:53,409 [88] ERROR Ad.Web.BackgroudService.MktAudienceFileService - vivo文件 查询人群包状态失败: statusResult={"code":0,"message":"请求成功","data":{"crowdStatus":1,"matchType":"OAIDMD5","pushStatus":2,"crowId":1901496,"isAllowUpdate":0}}
2026-07-20 00:26:53,588 [88] ERROR Ad.Web.BackgroudService.MktAudienceFileService - vivo文件 查询人群包状态失败: statusResult={"code":0,"message":"请求成功","data":{"crowdStatus":1,"matchType":"OAIDMD5","pushStatus":2,"crowId":1892586,"isAllowUpdate":0}}
2026-07-20 00:26:53,682 [88] ERROR Ad.Web.BackgroudService.MktAudienceFileService - vivo文件 查询人群包状态失败: statusResult={"code":0,"message":"请求成功","data":{"crowdStatus":1,"matchType":"OAIDMD5","pushStatus":2,"crowId":1886626,"isAllowUpdate":0}}
2026-07-20 00:26:53,764 [88] ERROR Ad.Web.BackgroudService.MktAudienceFileService - vivo文件 查询人群包状态失败: statusResult={"code":0,"message":"请求成功","data":{"crowdStatus":1,"matchType":"OAIDMD5","pushStatus":2,"crowId":1878302,"isAllowUpdate":0}}
2026-07-20 00:26:54,061 [88] ERROR Ad.Web.BackgroudService.MktAudienceFileService - vivo文件 查询人群包状态失败: statusResult={"code":0,"message":"请求成功","data":{"crowdStatus":1,"matchType":"OAIDMD5","pushStatus":2,"crowId":1878302,"isAllowUpdate":0}}
2026-07-20 00:26:54,202 [88] ERROR Ad.Web.BackgroudService.MktAudienceFileService - vivo文件 查询人群包状态失败: statusResult={"code":0,"message":"请求成功","data":{"crowdStatus":1,"matchType":"OAIDMD5","pushStatus":2,"crowId":1892586,"isAllowUpdate":0}}
2026-07-20 00:26:54,376 [88] ERROR Ad.Web.BackgroudService.MktAudienceFileService - vivo文件 查询人群包状态失败: statusResult={"code":0,"message":"请求成功","data":{"crowdStatus":1,"matchType":"OAIDMD5","pushStatus":2,"crowId":1886626,"isAllowUpdate":0}}
2026-07-20 00:26:54,555 [88] ERROR Ad.Web.BackgroudService.MktAudienceFileService - vivo文件 查询人群包状态失败: statusResult={"code":0,"message":"请求成功","data":{"crowdStatus":2,"matchType":"OAIDMD5","pushStatus":2,"crowId":1861590,"isAllowUpdate":0}}
2026-07-20 00:26:54,716 [88] ERROR Ad.Web.BackgroudService.MktAudienceFileService - vivo文件 查询人群包状态失败: statusResult={"code":0,"message":"请求成功","data":{"crowdStatus":2,"matchType":"OAIDMD5","pushStatus":2,"crowId":1861594,"isAllowUpdate":0}}
2026-07-20 00:26:54,919 [88] ERROR Ad.Web.BackgroudService.MktAudienceFileService - vivo文件 查询人群包状态失败: statusResult={"code":0,"message":"请求成功","data":{"crowdStatus":2,"matchType":"OAIDMD5","pushStatus":2,"crowId":1861596,"isAllowUpdate":0}}
2026-07-20 00:26:55,164 [88] ERROR Ad.Web.BackgroudService.MktAudienceFileService - vivo文件 查询人群包状态失败: statusResult={"code":0,"message":"请求成功","data":{"crowdStatus":2,"matchType":"OAIDMD5","pushStatus":2,"crowId":1861599,"isAllowUpdate":0}}
2026-07-20 00:26:55,357 [88] ERROR Ad.Web.BackgroudService.MktAudienceFileService - vivo文件 查询人群包状态失败: statusResult={"code":0,"message":"请求成功","data":{"crowdStatus":2,"matchType":"OAIDMD5","pushStatus":2,"crowId":1868476,"isAllowUpdate":0}}
2026-07-20 00:26:55,591 [88] ERROR Ad.Web.BackgroudService.MktAudienceFileService - vivo文件 查询人群包状态失败: statusResult={"code":0,"message":"请求成功","data":{"crowdStatus":2,"matchType":"OAIDMD5","pushStatus":2,"crowId":1868480,"isAllowUpdate":0}}
2026-07-20 00:26:55,707 [88] ERROR Ad.Web.BackgroudService.MktAudienceFileService - vivo文件 查询人群包状态失败: statusResult={"code":0,"message":"请求成功","data":{"crowdStatus":2,"matchType":"OAIDMD5","pushStatus":2,"crowId":1868482,"isAllowUpdate":0}}
2026-07-20 00:26:55,806 [88] ERROR Ad.Web.BackgroudService.MktAudienceFileService - vivo文件 查询人群包状态失败: statusResult={"code":0,"message":"请求成功","data":{"crowdStatus":2,"matchType":"OAIDMD5","pushStatus":2,"crowId":1868487,"isAllowUpdate":0}}
2026-07-20 00:26:55,933 [88] ERROR Ad.Web.BackgroudService.MktAudienceFileService - vivo文件 查询人群包状态失败: statusResult={"code":0,"message":"请求成功","data":{"crowdStatus":2,"matchType":"OAIDMD5","pushStatus":2,"crowId":1861588,"isAllowUpdate":0}}
2026-07-20 00:26:56,062 [88] ERROR Ad.Web.BackgroudService.MktAudienceFileService - vivo文件 查询人群包状态失败: statusResult={"code":0,"message":"请求成功","data":{"crowdStatus":2,"matchType":"OAIDMD5","pushStatus":2,"crowId":1872352,"isAllowUpdate":1}}
2026-07-20 00:26:56,207 [88] ERROR Ad.Web.BackgroudService.MktAudienceFileService - vivo文件 查询人群包状态失败: statusResult={"code":0,"message":"请求成功","data":{"crowdStatus":2,"matchType":"OAIDMD5","pushStatus":2,"crowId":1884247,"isAllowUpdate":1}}
2026-07-20 00:26:56,362 [88] ERROR Ad.Web.BackgroudService.MktAudienceFileService - vivo文件 查询人群包状态失败: statusResult={"code":0,"message":"请求成功","data":{"crowdStatus":2,"matchType":"OAIDMD5","pushStatus":2,"crowId":1884248,"isAllowUpdate":1}}
2026-07-20 00:26:56,472 [88] ERROR Ad.Web.BackgroudService.MktAudienceFileService - vivo文件 查询人群包状态失败: statusResult={"code":0,"message":"请求成功","data":{"crowdStatus":2,"matchType":"OAIDMD5","pushStatus":2,"crowId":1884249,"isAllowUpdate":1}}
2026-07-20 00:26:56,673 [88] ERROR Ad.Web.BackgroudService.MktAudienceFileService - vivo文件 查询人群包状态失败: statusResult={"code":0,"message":"请求成功","data":{"crowdStatus":2,"matchType":"OAIDMD5","pushStatus":2,"crowId":1884250,"isAllowUpdate":1}}
2026-07-20 00:26:56,789 [88] ERROR Ad.Web.BackgroudService.MktAudienceFileService - vivo文件 查询人群包状态失败: statusResult={"code":0,"message":"请求成功","data":{"crowdStatus":2,"matchType":"OAIDMD5","pushStatus":2,"crowId":1884251,"isAllowUpdate":1}}
2026-07-20 00:26:57,032 [93] ERROR Ad.Web.BackgroudService.MktAudienceFileService - vivo文件 查询人群包状态失败: statusResult={"code":0,"message":"请求成功","data":{"crowdStatus":2,"matchType":"OAIDMD5","pushStatus":2,"crowId":1884252,"isAllowUpdate":1}}
2026-07-20 00:26:57,275 [93] ERROR Ad.Web.BackgroudService.MktAudienceFileService - vivo文件 查询人群包状态失败: statusResult={"code":0,"message":"请求成功","data":{"crowdStatus":2,"matchType":"OAIDMD5","pushStatus":2,"crowId":1884253,"isAllowUpdate":1}}
2026-07-20 00:26:57,523 [93] ERROR Ad.Web.BackgroudService.MktAudienceFileService - vivo文件 查询人群包状态失败: statusResult={"code":0,"message":"请求成功","data":{"crowdStatus":2,"matchType":"OAIDMD5","pushStatus":2,"crowId":1884254,"isAllowUpdate":1}}
2026-07-20 00:26:57,646 [17] ERROR Repositories.Ocpx.VivoAudienceRepository - vivo-查询人群包状态失败: crowdId=1884255, result={"code":70100,"message":"参数nonce不合法"}
2026-07-20 00:26:57,646 [17] ERROR Ad.Web.BackgroudService.MktAudienceFileService - vivo文件 查询人群包状态失败: statusResult={"code":70100,"message":"参数nonce不合法"}
2026-07-20 00:26:57,647 [17] ERROR Ad.Web.BackgroudService.MktAudienceFileService - 人群文件状态更新...err
2026-07-20 00:36:50,814 [77] INFO  Ad.Web.BackgroudService.MktUploadService - 趣头条 mktList [{"id":29150,"aprId":99,"audienceId":1014108,"crowdId":null,"audiencefileId":57651187,"dataSourceId":0,"dataSourceIdOe":null,"channelId":6,"fileName":"autohome_20260618_20260719_oaid","fileIdent":"autohome_20260618_20260719_oaid(1).txt","dspName":"autohome","deviceType":"oaid","hasRta":false,"fileExtension":"txt","executeDate":20260720,"createTime":"2026-07-20T00:17:14","editTime":"2026-07-20T00:17:14","operateType":null,"status":"ERROR","rpMsg":"COS上传成功,趣头条上传失败 httpCode: 1109","taskId":"","resourceurl":"2000000878750989/autohome_20260618_20260719_oaid(1).txt"}]
2026-07-20 00:36:52,350 [100] ERROR Ad.Web.BackgroudService.MktAudienceFileService - vivo文件 查询人群包状态失败: statusResult={"code":0,"message":"请求成功","data":{"crowdStatus":2,"matchType":"OAIDMD5","pushStatus":2,"crowId":1884255,"isAllowUpdate":1}}
2026-07-20 00:36:52,393 [100] ERROR Ad.Web.BackgroudService.MktAudienceFileService - vivo文件 查询人群包状态失败: statusResult={"code":0,"message":"请求成功","data":{"crowdStatus":2,"matchType":"OAIDMD5","pushStatus":2,"crowId":1884256,"isAllowUpdate":1}}
2026-07-20 00:36:52,434 [100] ERROR Ad.Web.BackgroudService.MktAudienceFileService - vivo文件 查询人群包状态失败: statusResult={"code":0,"message":"请求成功","data":{"crowdStatus":2,"matchType":"OAIDMD5","pushStatus":2,"crowId":1884257,"isAllowUpdate":1}}
2026-07-20 00:36:52,517 [100] ERROR Ad.Web.BackgroudService.MktAudienceFileService - vivo文件 查询人群包状态失败: statusResult={"code":0,"message":"请求成功","data":{"crowdStatus":2,"matchType":"OAIDMD5","pushStatus":2,"crowId":1884258,"isAllowUpdate":1}}
2026-07-20 00:36:52,558 [100] ERROR Ad.Web.BackgroudService.MktAudienceFileService - vivo文件 查询人群包状态失败: statusResult={"code":0,"message":"请求成功","data":{"crowdStatus":2,"matchType":"OAIDMD5","pushStatus":2,"crowId":1884259,"isAllowUpdate":1}}
2026-07-20 00:36:52,598 [100] ERROR Ad.Web.BackgroudService.MktAudienceFileService - vivo文件 查询人群包状态失败: statusResult={"code":0,"message":"请求成功","data":{"crowdStatus":2,"matchType":"OAIDMD5","pushStatus":2,"crowId":1884260,"isAllowUpdate":1}}
2026-07-20 00:36:52,643 [100] ERROR Ad.Web.BackgroudService.MktAudienceFileService - vivo文件 查询人群包状态失败: statusResult={"code":0,"message":"请求成功","data":{"crowdStatus":2,"matchType":"OAIDMD5","pushStatus":2,"crowId":1884261,"isAllowUpdate":1}}
2026-07-20 00:36:52,702 [100] ERROR Ad.Web.BackgroudService.MktAudienceFileService - vivo文件 查询人群包状态失败: statusResult={"code":0,"message":"请求成功","data":{"crowdStatus":2,"matchType":"OAIDMD5","pushStatus":2,"crowId":1884262,"isAllowUpdate":1}}
2026-07-20 00:36:52,740 [100] ERROR Ad.Web.BackgroudService.MktAudienceFileService - vivo文件 查询人群包状态失败: statusResult={"code":0,"message":"请求成功","data":{"crowdStatus":2,"matchType":"OAIDMD5","pushStatus":2,"crowId":1884263,"isAllowUpdate":1}}
2026-07-20 00:36:52,773 [100] ERROR Ad.Web.BackgroudService.MktAudienceFileService - vivo文件 查询人群包状态失败: statusResult={"code":0,"message":"请求成功","data":{"crowdStatus":2,"matchType":"OAIDMD5","pushStatus":2,"crowId":1884264,"isAllowUpdate":1}}
2026-07-20 00:36:52,800 [100] ERROR Repositories.Ocpx.VivoAudienceRepository - vivo-查询人群包状态失败: crowdId=1884265, result={"code":70102,"message":"请求过于频繁"}
2026-07-20 00:36:52,800 [100] ERROR Ad.Web.BackgroudService.MktAudienceFileService - vivo文件 查询人群包状态失败: statusResult={"code":70102,"message":"请求过于频繁"}
2026-07-20 00:36:52,800 [100] ERROR Ad.Web.BackgroudService.MktAudienceFileService - 人群文件状态更新...err
2026-07-20 00:46:50,705 [19] ERROR Ad.Web.BackgroudService.MktDownloadService - FtpGetFileSize ex.msg:The remote server returned an error: (550) File unavailable (e.g., file not found, no access).
2026-07-20 00:46:52,457 [56] ERROR Ad.Web.BackgroudService.MktAudienceFileService - vivo文件 查询人群包状态失败: statusResult={"code":0,"message":"请求成功","data":{"crowdStatus":2,"matchType":"OAIDMD5","pushStatus":2,"crowId":1884265,"isAllowUpdate":1}}
2026-07-20 00:46:52,497 [56] ERROR Ad.Web.BackgroudService.MktAudienceFileService - vivo文件 查询人群包状态失败: statusResult={"code":0,"message":"请求成功","data":{"crowdStatus":2,"matchType":"OAIDMD5","pushStatus":2,"crowId":1884266,"isAllowUpdate":1}}
2026-07-20 00:46:52,539 [56] ERROR Ad.Web.BackgroudService.MktAudienceFileService - vivo文件 查询人群包状态失败: statusResult={"code":0,"message":"请求成功","data":{"crowdStatus":2,"matchType":"OAIDMD5","pushStatus":2,"crowId":1884267,"isAllowUpdate":1}}
2026-07-20 00:46:52,573 [94] ERROR Ad.Web.BackgroudService.MktAudienceFileService - vivo文件 查询人群包状态失败: statusResult={"code":0,"message":"请求成功","data":{"crowdStatus":2,"matchType":"OAIDMD5","pushStatus":2,"crowId":1884268,"isAllowUpdate":1}}
2026-07-20 00:46:52,622 [94] ERROR Ad.Web.BackgroudService.MktAudienceFileService - vivo文件 查询人群包状态失败: statusResult={"code":0,"message":"请求成功","data":{"crowdStatus":2,"matchType":"OAIDMD5","pushStatus":2,"crowId":1884269,"isAllowUpdate":1}}
2026-07-20 00:46:52,667 [56] ERROR Ad.Web.BackgroudService.MktAudienceFileService - vivo文件 查询人群包状态失败: statusResult={"code":0,"message":"请求成功","data":{"crowdStatus":2,"matchType":"OAIDMD5","pushStatus":2,"crowId":1884270,"isAllowUpdate":1}}
2026-07-20 00:46:52,714 [56] ERROR Ad.Web.BackgroudService.MktAudienceFileService - vivo文件 查询人群包状态失败: statusResult={"code":0,"message":"请求成功","data":{"crowdStatus":2,"matchType":"OAIDMD5","pushStatus":2,"crowId":1884271,"isAllowUpdate":1}}
2026-07-20 00:46:52,754 [94] ERROR Ad.Web.BackgroudService.MktAudienceFileService - vivo文件 查询人群包状态失败: statusResult={"code":0,"message":"请求成功","data":{"crowdStatus":2,"matchType":"OAIDMD5","pushStatus":2,"crowId":1884272,"isAllowUpdate":1}}
2026-07-20 00:46:52,794 [94] ERROR Ad.Web.BackgroudService.MktAudienceFileService - vivo文件 查询人群包状态失败: statusResult={"code":0,"message":"请求成功","data":{"crowdStatus":2,"matchType":"OAIDMD5","pushStatus":2,"crowId":1891281,"isAllowUpdate":1}}
2026-07-20 00:46:52,864 [94] ERROR Ad.Web.BackgroudService.MktAudienceFileService - vivo文件 查询人群包状态失败: statusResult={"code":0,"message":"请求成功","data":{"crowdStatus":2,"matchType":"OAIDMD5","pushStatus":2,"crowId":1859170,"isAllowUpdate":1}}
2026-07-20 00:46:52,907 [94] ERROR Ad.Web.BackgroudService.MktAudienceFileService - vivo文件 查询人群包状态失败: statusResult={"code":0,"message":"请求成功","data":{"crowdStatus":2,"matchType":"OAIDMD5","pushStatus":2,"crowId":1901496,"isAllowUpdate":0}}
2026-07-20 00:46:52,959 [94] ERROR Ad.Web.BackgroudService.MktAudienceFileService - vivo文件 查询人群包状态失败: statusResult={"code":0,"message":"请求成功","data":{"crowdStatus":1,"matchType":"OAIDMD5","pushStatus":2,"crowId":1905479,"isAllowUpdate":0}}
2026-07-20 00:46:53,101 [86] ERROR Ad.Web.BackgroudService.MktAudienceFileService - wifi文件 查询人群包状态失败: statusResult={"code":0,"message":"","data":{"crowdId":10023395,"crowdStatus":2,"msg":"待生效","matchType":"OAID-MD5"}}
2026-07-20 00:46:53,182 [86] ERROR Ad.Web.BackgroudService.MktAudienceFileService - wifi文件 查询人群包状态失败: statusResult={"code":0,"message":"","data":{"crowdId":10023331,"crowdStatus":1,"msg":"待生效","matchType":"OAID-MD5"}}
2026-07-20 00:46:53,207 [86] ERROR Ad.Web.BackgroudService.MktAudienceFileService - wifi文件 查询人群包状态失败: statusResult={"code":0,"message":"","data":{"crowdId":10023395,"crowdStatus":2,"msg":"待生效","matchType":"OAID-MD5"}}
2026-07-20 00:46:53,233 [86] ERROR Ad.Web.BackgroudService.MktAudienceFileService - wifi文件 查询人群包状态失败: statusResult={"code":0,"message":"","data":{"crowdId":10023337,"crowdStatus":1,"msg":"待生效","matchType":"OAID-MD5"}}
2026-07-20 00:46:53,257 [86] ERROR Ad.Web.BackgroudService.MktAudienceFileService - wifi文件 查询人群包状态失败: statusResult={"code":0,"message":"","data":{"crowdId":10023338,"crowdStatus":1,"msg":"待生效","matchType":"OAID-MD5"}}
2026-07-20 00:46:53,281 [86] ERROR Ad.Web.BackgroudService.MktAudienceFileService - wifi文件 查询人群包状态失败: statusResult={"code":0,"message":"","data":{"crowdId":10023339,"crowdStatus":1,"msg":"待生效","matchType":"OAID-MD5"}}
2026-07-20 00:46:53,306 [86] ERROR Ad.Web.BackgroudService.MktAudienceFileService - wifi文件 查询人群包状态失败: statusResult={"code":0,"message":"","data":{"crowdId":10023340,"crowdStatus":1,"msg":"待生效","matchType":"OAID-MD5"}}
2026-07-20 00:46:53,331 [86] ERROR Ad.Web.BackgroudService.MktAudienceFileService - wifi文件 查询人群包状态失败: statusResult={"code":0,"message":"","data":{"crowdId":10023341,"crowdStatus":1,"msg":"待生效","matchType":"OAID-MD5"}}
2026-07-20 00:46:53,355 [86] ERROR Ad.Web.BackgroudService.MktAudienceFileService - wifi文件 查询人群包状态失败: statusResult={"code":0,"message":"","data":{"crowdId":10023342,"crowdStatus":1,"msg":"待生效","matchType":"OAID-MD5"}}
2026-07-20 00:46:53,383 [86] ERROR Ad.Web.BackgroudService.MktAudienceFileService - wifi文件 查询人群包状态失败: statusResult={"code":0,"message":"","data":{"crowdId":10023343,"crowdStatus":1,"msg":"待生效","matchType":"OAID-MD5"}}
2026-07-20 00:46:53,408 [86] ERROR Ad.Web.BackgroudService.MktAudienceFileService - wifi文件 查询人群包状态失败: statusResult={"code":0,"message":"","data":{"crowdId":10023344,"crowdStatus":1,"msg":"待生效","matchType":"OAID-MD5"}}
2026-07-20 00:46:53,433 [86] ERROR Ad.Web.BackgroudService.MktAudienceFileService - wifi文件 查询人群包状态失败: statusResult={"code":0,"message":"","data":{"crowdId":10023345,"crowdStatus":1,"msg":"待生效","matchType":"OAID-MD5"}}
2026-07-20 00:46:53,457 [86] ERROR Ad.Web.BackgroudService.MktAudienceFileService - wifi文件 查询人群包状态失败: statusResult={"code":0,"message":"","data":{"crowdId":10023346,"crowdStatus":1,"msg":"待生效","matchType":"OAID-MD5"}}
2026-07-20 00:46:53,483 [86] ERROR Ad.Web.BackgroudService.MktAudienceFileService - wifi文件 查询人群包状态失败: statusResult={"code":0,"message":"","data":{"crowdId":10023347,"crowdStatus":1,"msg":"待生效","matchType":"OAID-MD5"}}
2026-07-20 00:46:53,509 [86] ERROR Ad.Web.BackgroudService.MktAudienceFileService - wifi文件 查询人群包状态失败: statusResult={"code":0,"message":"","data":{"crowdId":10023348,"crowdStatus":1,"msg":"待生效","matchType":"OAID-MD5"}}
2026-07-20 00:46:53,533 [94] ERROR Ad.Web.BackgroudService.MktAudienceFileService - wifi文件 查询人群包状态失败: statusResult={"code":0,"message":"","data":{"crowdId":10023349,"crowdStatus":1,"msg":"待生效","matchType":"OAID-MD5"}}
2026-07-20 00:46:53,564 [94] ERROR Ad.Web.BackgroudService.MktAudienceFileService - wifi文件 查询人群包状态失败: statusResult={"code":0,"message":"","data":{"crowdId":10023350,"crowdStatus":1,"msg":"待生效","matchType":"OAID-MD5"}}
2026-07-20 00:46:53,589 [94] ERROR Ad.Web.BackgroudService.MktAudienceFileService - wifi文件 查询人群包状态失败: statusResult={"code":0,"message":"","data":{"crowdId":10023435,"crowdStatus":5,"msg":"待生效","matchType":"OAID-MD5"}}
2026-07-20 00:56:52,619 [68] ERROR Ad.Web.BackgroudService.MktAudienceFileService - wifi文件 查询人群包状态失败: statusResult={"code":0,"message":"","data":{"crowdId":10023395,"crowdStatus":2,"msg":"待生效","matchType":"OAID-MD5"}}
2026-07-20 00:56:52,719 [68] ERROR Ad.Web.BackgroudService.MktAudienceFileService - wifi文件 查询人群包状态失败: statusResult={"code":0,"message":"","data":{"crowdId":10023331,"crowdStatus":1,"msg":"待生效","matchType":"OAID-MD5"}}
2026-07-20 00:56:52,769 [68] ERROR Ad.Web.BackgroudService.MktAudienceFileService - wifi文件 查询人群包状态失败: statusResult={"code":0,"message":"","data":{"crowdId":10023395,"crowdStatus":2,"msg":"待生效","matchType":"OAID-MD5"}}
2026-07-20 00:56:52,814 [68] ERROR Ad.Web.BackgroudService.MktAudienceFileService - wifi文件 查询人群包状态失败: statusResult={"code":0,"message":"","data":{"crowdId":10023337,"crowdStatus":1,"msg":"待生效","matchType":"OAID-MD5"}}
2026-07-20 00:56:52,840 [68] ERROR Ad.Web.BackgroudService.MktAudienceFileService - wifi文件 查询人群包状态失败: statusResult={"code":0,"message":"","data":{"crowdId":10023338,"crowdStatus":1,"msg":"待生效","matchType":"OAID-MD5"}}
2026-07-20 00:56:52,879 [68] ERROR Ad.Web.BackgroudService.MktAudienceFileService - wifi文件 查询人群包状态失败: statusResult={"code":0,"message":"","data":{"crowdId":10023339,"crowdStatus":1,"msg":"待生效","matchType":"OAID-MD5"}}
2026-07-20 00:56:52,913 [68] ERROR Ad.Web.BackgroudService.MktAudienceFileService - wifi文件 查询人群包状态失败: statusResult={"code":0,"message":"","data":{"crowdId":10023340,"crowdStatus":1,"msg":"待生效","matchType":"OAID-MD5"}}
2026-07-20 00:56:52,950 [68] ERROR Ad.Web.BackgroudService.MktAudienceFileService - wifi文件 查询人群包状态失败: statusResult={"code":0,"message":"","data":{"crowdId":10023341,"crowdStatus":1,"msg":"待生效","matchType":"OAID-MD5"}}
2026-07-20 00:56:52,988 [69] ERROR Ad.Web.BackgroudService.MktAudienceFileService - wifi文件 查询人群包状态失败: statusResult={"code":0,"message":"","data":{"crowdId":10023342,"crowdStatus":1,"msg":"待生效","matchType":"OAID-MD5"}}
2026-07-20 00:56:53,058 [69] ERROR Ad.Web.BackgroudService.MktAudienceFileService - wifi文件 查询人群包状态失败: statusResult={"code":0,"message":"","data":{"crowdId":10023343,"crowdStatus":1,"msg":"待生效","matchType":"OAID-MD5"}}
2026-07-20 00:56:53,103 [69] ERROR Ad.Web.BackgroudService.MktAudienceFileService - wifi文件 查询人群包状态失败: statusResult={"code":0,"message":"","data":{"crowdId":10023344,"crowdStatus":1,"msg":"待生效","matchType":"OAID-MD5"}}
2026-07-20 00:56:53,147 [69] ERROR Ad.Web.BackgroudService.MktAudienceFileService - wifi文件 查询人群包状态失败: statusResult={"code":0,"message":"","data":{"crowdId":10023345,"crowdStatus":1,"msg":"待生效","matchType":"OAID-MD5"}}
2026-07-20 00:56:53,193 [69] ERROR Ad.Web.BackgroudService.MktAudienceFileService - wifi文件 查询人群包状态失败: statusResult={"code":0,"message":"","data":{"crowdId":10023346,"crowdStatus":1,"msg":"待生效","matchType":"OAID-MD5"}}
2026-07-20 00:56:53,238 [69] ERROR Ad.Web.BackgroudService.MktAudienceFileService - wifi文件 查询人群包状态失败: statusResult={"code":0,"message":"","data":{"crowdId":10023347,"crowdStatus":1,"msg":"待生效","matchType":"OAID-MD5"}}
2026-07-20 00:56:53,269 [69] ERROR Ad.Web.BackgroudService.MktAudienceFileService - wifi文件 查询人群包状态失败: statusResult={"code":0,"message":"","data":{"crowdId":10023348,"crowdStatus":1,"msg":"待生效","matchType":"OAID-MD5"}}
2026-07-20 00:56:53,321 [69] ERROR Ad.Web.BackgroudService.MktAudienceFileService - wifi文件 查询人群包状态失败: statusResult={"code":0,"message":"","data":{"crowdId":10023349,"crowdStatus":1,"msg":"待生效","matchType":"OAID-MD5"}}
2026-07-20 00:56:53,392 [69] ERROR Ad.Web.BackgroudService.MktAudienceFileService - wifi文件 查询人群包状态失败: statusResult={"code":0,"message":"","data":{"crowdId":10023350,"crowdStatus":1,"msg":"待生效","matchType":"OAID-MD5"}}
2026-07-20 00:56:53,436 [69] ERROR Ad.Web.BackgroudService.MktAudienceFileService - wifi文件 查询人群包状态失败: statusResult={"code":0,"message":"","data":{"crowdId":10023435,"crowdStatus":5,"msg":"待生效","matchType":"OAID-MD5"}}
2026-07-20 01:06:52,372 [105] ERROR Ad.Web.BackgroudService.MktAudienceFileService - wifi文件 查询人群包状态失败: statusResult={"code":0,"message":"","data":{"crowdId":10023395,"crowdStatus":2,"msg":"待生效","matchType":"OAID-MD5"}}
2026-07-20 01:06:52,445 [105] ERROR Ad.Web.BackgroudService.MktAudienceFileService - wifi文件 查询人群包状态失败: statusResult={"code":0,"message":"","data":{"crowdId":10023331,"crowdStatus":1,"msg":"待生效","matchType":"OAID-MD5"}}
2026-07-20 01:06:52,469 [105] ERROR Ad.Web.BackgroudService.MktAudienceFileService - wifi文件 查询人群包状态失败: statusResult={"code":0,"message":"","data":{"crowdId":10023395,"crowdStatus":2,"msg":"待生效","matchType":"OAID-MD5"}}
2026-07-20 01:06:52,493 [105] ERROR Ad.Web.BackgroudService.MktAudienceFileService - wifi文件 查询人群包状态失败: statusResult={"code":0,"message":"","data":{"crowdId":10023337,"crowdStatus":1,"msg":"待生效","matchType":"OAID-MD5"}}
2026-07-20 01:06:52,517 [105] ERROR Ad.Web.BackgroudService.MktAudienceFileService - wifi文件 查询人群包状态失败: statusResult={"code":0,"message":"","data":{"crowdId":10023338,"crowdStatus":1,"msg":"待生效","matchType":"OAID-MD5"}}
2026-07-20 01:06:52,540 [105] ERROR Ad.Web.BackgroudService.MktAudienceFileService - wifi文件 查询人群包状态失败: statusResult={"code":0,"message":"","data":{"crowdId":10023339,"crowdStatus":1,"msg":"待生效","matchType":"OAID-MD5"}}
2026-07-20 01:06:52,563 [105] ERROR Ad.Web.BackgroudService.MktAudienceFileService - wifi文件 查询人群包状态失败: statusResult={"code":0,"message":"","data":{"crowdId":10023340,"crowdStatus":1,"msg":"待生效","matchType":"OAID-MD5"}}
2026-07-20 01:06:52,587 [105] ERROR Ad.Web.BackgroudService.MktAudienceFileService - wifi文件 查询人群包状态失败: statusResult={"code":0,"message":"","data":{"crowdId":10023341,"crowdStatus":1,"msg":"待生效","matchType":"OAID-MD5"}}
2026-07-20 01:06:52,610 [105] ERROR Ad.Web.BackgroudService.MktAudienceFileService - wifi文件 查询人群包状态失败: statusResult={"code":0,"message":"","data":{"crowdId":10023342,"crowdStatus":1,"msg":"待生效","matchType":"OAID-MD5"}}
2026-07-20 01:06:52,634 [105] ERROR Ad.Web.BackgroudService.MktAudienceFileService - wifi文件 查询人群包状态失败: statusResult={"code":0,"message":"","data":{"crowdId":10023343,"crowdStatus":1,"msg":"待生效","matchType":"OAID-MD5"}}
2026-07-20 01:06:52,656 [105] ERROR Ad.Web.BackgroudService.MktAudienceFileService - wifi文件 查询人群包状态失败: statusResult={"code":0,"message":"","data":{"crowdId":10023344,"crowdStatus":1,"msg":"待生效","matchType":"OAID-MD5"}}
2026-07-20 01:06:52,680 [105] ERROR Ad.Web.BackgroudService.MktAudienceFileService - wifi文件 查询人群包状态失败: statusResult={"code":0,"message":"","data":{"crowdId":10023345,"crowdStatus":1,"msg":"待生效","matchType":"OAID-MD5"}}
2026-07-20 01:06:52,703 [105] ERROR Ad.Web.BackgroudService.MktAudienceFileService - wifi文件 查询人群包状态失败: statusResult={"code":0,"message":"","data":{"crowdId":10023346,"crowdStatus":1,"msg":"待生效","matchType":"OAID-MD5"}}
2026-07-20 01:06:52,727 [105] ERROR Ad.Web.BackgroudService.MktAudienceFileService - wifi文件 查询人群包状态失败: statusResult={"code":0,"message":"","data":{"crowdId":10023347,"crowdStatus":1,"msg":"待生效","matchType":"OAID-MD5"}}
2026-07-20 01:06:52,750 [105] ERROR Ad.Web.BackgroudService.MktAudienceFileService - wifi文件 查询人群包状态失败: statusResult={"code":0,"message":"","data":{"crowdId":10023348,"crowdStatus":1,"msg":"待生效","matchType":"OAID-MD5"}}
2026-07-20 01:06:52,773 [105] ERROR Ad.Web.BackgroudService.MktAudienceFileService - wifi文件 查询人群包状态失败: statusResult={"code":0,"message":"","data":{"crowdId":10023349,"crowdStatus":1,"msg":"待生效","matchType":"OAID-MD5"}}
2026-07-20 01:06:52,797 [105] ERROR Ad.Web.BackgroudService.MktAudienceFileService - wifi文件 查询人群包状态失败: statusResult={"code":0,"message":"","data":{"crowdId":10023350,"crowdStatus":1,"msg":"待生效","matchType":"OAID-MD5"}}
2026-07-20 01:06:52,820 [105] ERROR Ad.Web.BackgroudService.MktAudienceFileService - wifi文件 查询人群包状态失败: statusResult={"code":0,"message":"","data":{"crowdId":10023435,"crowdStatus":5,"msg":"待生效","matchType":"OAID-MD5"}}
2026-07-20 01:16:50,727 [78] ERROR Ad.Web.BackgroudService.MktDownloadService - FtpGetFileSize ex.msg:The remote server returned an error: (550) File unavailable (e.g., file not found, no access).
2026-07-20 01:16:52,307 [78] ERROR Ad.Web.BackgroudService.MktAudienceFileService - wifi文件 查询人群包状态失败: statusResult={"code":0,"message":"","data":{"crowdId":10023395,"crowdStatus":2,"msg":"待生效","matchType":"OAID-MD5"}}
2026-07-20 01:16:52,380 [78] ERROR Ad.Web.BackgroudService.MktAudienceFileService - wifi文件 查询人群包状态失败: statusResult={"code":0,"message":"","data":{"crowdId":10023331,"crowdStatus":1,"msg":"待生效","matchType":"OAID-MD5"}}
2026-07-20 01:16:52,405 [78] ERROR Ad.Web.BackgroudService.MktAudienceFileService - wifi文件 查询人群包状态失败: statusResult={"code":0,"message":"","data":{"crowdId":10023395,"crowdStatus":2,"msg":"待生效","matchType":"OAID-MD5"}}
2026-07-20 01:16:52,429 [128] ERROR Ad.Web.BackgroudService.MktAudienceFileService - wifi文件 查询人群包状态失败: statusResult={"code":0,"message":"","data":{"crowdId":10023337,"crowdStatus":1,"msg":"待生效","matchType":"OAID-MD5"}}
2026-07-20 01:16:52,454 [134] ERROR Ad.Web.BackgroudService.MktAudienceFileService - wifi文件 查询人群包状态失败: statusResult={"code":0,"message":"","data":{"crowdId":10023338,"crowdStatus":1,"msg":"待生效","matchType":"OAID-MD5"}}
2026-07-20 01:16:52,478 [128] ERROR Ad.Web.BackgroudService.MktAudienceFileService - wifi文件 查询人群包状态失败: statusResult={"code":0,"message":"","data":{"crowdId":10023339,"crowdStatus":1,"msg":"待生效","matchType":"OAID-MD5"}}
2026-07-20 01:16:52,500 [128] ERROR Ad.Web.BackgroudService.MktAudienceFileService - wifi文件 查询人群包状态失败: statusResult={"code":0,"message":"","data":{"crowdId":10023340,"crowdStatus":1,"msg":"待生效","matchType":"OAID-MD5"}}
2026-07-20 01:16:52,524 [128] ERROR Ad.Web.BackgroudService.MktAudienceFileService - wifi文件 查询人群包状态失败: statusResult={"code":0,"message":"","data":{"crowdId":10023341,"crowdStatus":1,"msg":"待生效","matchType":"OAID-MD5"}}
2026-07-20 01:16:52,547 [128] ERROR Ad.Web.BackgroudService.MktAudienceFileService - wifi文件 查询人群包状态失败: statusResult={"code":0,"message":"","data":{"crowdId":10023342,"crowdStatus":1,"msg":"待生效","matchType":"OAID-MD5"}}
2026-07-20 01:16:52,571 [134] ERROR Ad.Web.BackgroudService.MktAudienceFileService - wifi文件 查询人群包状态失败: statusResult={"code":0,"message":"","data":{"crowdId":10023343,"crowdStatus":1,"msg":"待生效","matchType":"OAID-MD5"}}
2026-07-20 01:16:52,594 [134] ERROR Ad.Web.BackgroudService.MktAudienceFileService - wifi文件 查询人群包状态失败: statusResult={"code":0,"message":"","data":{"crowdId":10023344,"crowdStatus":1,"msg":"待生效","matchType":"OAID-MD5"}}
2026-07-20 01:16:52,618 [134] ERROR Ad.Web.BackgroudService.MktAudienceFileService - wifi文件 查询人群包状态失败: statusResult={"code":0,"message":"","data":{"crowdId":10023345,"crowdStatus":1,"msg":"待生效","matchType":"OAID-MD5"}}
2026-07-20 01:16:52,641 [134] ERROR Ad.Web.BackgroudService.MktAudienceFileService - wifi文件 查询人群包状态失败: statusResult={"code":0,"message":"","data":{"crowdId":10023346,"crowdStatus":1,"msg":"待生效","matchType":"OAID-MD5"}}
2026-07-20 01:16:52,665 [134] ERROR Ad.Web.BackgroudService.MktAudienceFileService - wifi文件 查询人群包状态失败: statusResult={"code":0,"message":"","data":{"crowdId":10023347,"crowdStatus":1,"msg":"待生效","matchType":"OAID-MD5"}}
2026-07-20 01:16:52,689 [134] ERROR Ad.Web.BackgroudService.MktAudienceFileService - wifi文件 查询人群包状态失败: statusResult={"code":0,"message":"","data":{"crowdId":10023348,"crowdStatus":1,"msg":"待生效","matchType":"OAID-MD5"}}
2026-07-20 01:16:52,713 [134] ERROR Ad.Web.BackgroudService.MktAudienceFileService - wifi文件 查询人群包状态失败: statusResult={"code":0,"message":"","data":{"crowdId":10023349,"crowdStatus":1,"msg":"待生效","matchType":"OAID-MD5"}}
2026-07-20 01:16:52,736 [134] ERROR Ad.Web.BackgroudService.MktAudienceFileService - wifi文件 查询人群包状态失败: statusResult={"code":0,"message":"","data":{"crowdId":10023350,"crowdStatus":1,"msg":"待生效","matchType":"OAID-MD5"}}
2026-07-20 01:16:52,759 [134] ERROR Ad.Web.BackgroudService.MktAudienceFileService - wifi文件 查询人群包状态失败: statusResult={"code":0,"message":"","data":{"crowdId":10023435,"crowdStatus":5,"msg":"待生效","matchType":"OAID-MD5"}}
2026-07-20 01:26:52,714 [17] ERROR Ad.Web.BackgroudService.MktAudienceFileService - wifi文件 查询人群包状态失败: statusResult={"code":0,"message":"","data":{"crowdId":10023395,"crowdStatus":2,"msg":"待生效","matchType":"OAID-MD5"}}
2026-07-20 01:26:52,850 [17] ERROR Ad.Web.BackgroudService.MktAudienceFileService - wifi文件 查询人群包状态失败: statusResult={"code":0,"message":"","data":{"crowdId":10023331,"crowdStatus":1,"msg":"待生效","matchType":"OAID-MD5"}}
2026-07-20 01:26:52,875 [17] ERROR Ad.Web.BackgroudService.MktAudienceFileService - wifi文件 查询人群包状态失败: statusResult={"code":0,"message":"","data":{"crowdId":10023395,"crowdStatus":2,"msg":"待生效","matchType":"OAID-MD5"}}
2026-07-20 01:26:52,899 [95] ERROR Ad.Web.BackgroudService.MktAudienceFileService - wifi文件 查询人群包状态失败: statusResult={"code":0,"message":"","data":{"crowdId":10023337,"crowdStatus":1,"msg":"待生效","matchType":"OAID-MD5"}}
2026-07-20 01:26:52,923 [95] ERROR Ad.Web.BackgroudService.MktAudienceFileService - wifi文件 查询人群包状态失败: statusResult={"code":0,"message":"","data":{"crowdId":10023338,"crowdStatus":1,"msg":"待生效","matchType":"OAID-MD5"}}
2026-07-20 01:26:52,947 [95] ERROR Ad.Web.BackgroudService.MktAudienceFileService - wifi文件 查询人群包状态失败: statusResult={"code":0,"message":"","data":{"crowdId":10023339,"crowdStatus":1,"msg":"待生效","matchType":"OAID-MD5"}}
2026-07-20 01:26:52,970 [95] ERROR Ad.Web.BackgroudService.MktAudienceFileService - wifi文件 查询人群包状态失败: statusResult={"code":0,"message":"","data":{"crowdId":10023340,"crowdStatus":1,"msg":"待生效","matchType":"OAID-MD5"}}
2026-07-20 01:26:52,993 [95] ERROR Ad.Web.BackgroudService.MktAudienceFileService - wifi文件 查询人群包状态失败: statusResult={"code":0,"message":"","data":{"crowdId":10023341,"crowdStatus":1,"msg":"待生效","matchType":"OAID-MD5"}}
2026-07-20 01:26:53,017 [95] ERROR Ad.Web.BackgroudService.MktAudienceFileService - wifi文件 查询人群包状态失败: statusResult={"code":0,"message":"","data":{"crowdId":10023342,"crowdStatus":1,"msg":"待生效","matchType":"OAID-MD5"}}
2026-07-20 01:26:53,099 [95] ERROR Ad.Web.BackgroudService.MktAudienceFileService - wifi文件 查询人群包状态失败: statusResult={"code":0,"message":"","data":{"crowdId":10023343,"crowdStatus":1,"msg":"待生效","matchType":"OAID-MD5"}}
2026-07-20 01:26:53,181 [95] ERROR Ad.Web.BackgroudService.MktAudienceFileService - wifi文件 查询人群包状态失败: statusResult={"code":0,"message":"","data":{"crowdId":10023344,"crowdStatus":1,"msg":"待生效","matchType":"OAID-MD5"}}
2026-07-20 01:26:53,245 [95] ERROR Ad.Web.BackgroudService.MktAudienceFileService - wifi文件 查询人群包状态失败: statusResult={"code":0,"message":"","data":{"crowdId":10023345,"crowdStatus":1,"msg":"待生效","matchType":"OAID-MD5"}}
2026-07-20 01:26:53,307 [95] ERROR Ad.Web.BackgroudService.MktAudienceFileService - wifi文件 查询人群包状态失败: statusResult={"code":0,"message":"","data":{"crowdId":10023346,"crowdStatus":1,"msg":"待生效","matchType":"OAID-MD5"}}
2026-07-20 01:26:53,371 [95] ERROR Ad.Web.BackgroudService.MktAudienceFileService - wifi文件 查询人群包状态失败: statusResult={"code":0,"message":"","data":{"crowdId":10023347,"crowdStatus":1,"msg":"待生效","matchType":"OAID-MD5"}}
2026-07-20 01:26:53,434 [95] ERROR Ad.Web.BackgroudService.MktAudienceFileService - wifi文件 查询人群包状态失败: statusResult={"code":0,"message":"","data":{"crowdId":10023348,"crowdStatus":1,"msg":"待生效","matchType":"OAID-MD5"}}
2026-07-20 01:26:53,497 [95] ERROR Ad.Web.BackgroudService.MktAudienceFileService - wifi文件 查询人群包状态失败: statusResult={"code":0,"message":"","data":{"crowdId":10023349,"crowdStatus":1,"msg":"待生效","matchType":"OAID-MD5"}}
2026-07-20 01:26:53,566 [95] ERROR Ad.Web.BackgroudService.MktAudienceFileService - wifi文件 查询人群包状态失败: statusResult={"code":0,"message":"","data":{"crowdId":10023350,"crowdStatus":1,"msg":"待生效","matchType":"OAID-MD5"}}
2026-07-20 01:26:53,630 [95] ERROR Ad.Web.BackgroudService.MktAudienceFileService - wifi文件 查询人群包状态失败: statusResult={"code":0,"message":"","data":{"crowdId":10023435,"crowdStatus":5,"msg":"待生效","matchType":"OAID-MD5"}}
2026-07-20 01:36:52,296 [68] ERROR Ad.Web.BackgroudService.MktAudienceFileService - wifi文件 查询人群包状态失败: statusResult={"code":0,"message":"","data":{"crowdId":10023395,"crowdStatus":2,"msg":"待生效","matchType":"OAID-MD5"}}
2026-07-20 01:36:52,368 [68] ERROR Ad.Web.BackgroudService.MktAudienceFileService - wifi文件 查询人群包状态失败: statusResult={"code":0,"message":"","data":{"crowdId":10023331,"crowdStatus":1,"msg":"待生效","matchType":"OAID-MD5"}}
2026-07-20 01:36:52,392 [68] ERROR Ad.Web.BackgroudService.MktAudienceFileService - wifi文件 查询人群包状态失败: statusResult={"code":0,"message":"","data":{"crowdId":10023395,"crowdStatus":2,"msg":"待生效","matchType":"OAID-MD5"}}
2026-07-20 01:36:52,416 [68] ERROR Ad.Web.BackgroudService.MktAudienceFileService - wifi文件 查询人群包状态失败: statusResult={"code":0,"message":"","data":{"crowdId":10023337,"crowdStatus":1,"msg":"待生效","matchType":"OAID-MD5"}}
2026-07-20 01:36:52,440 [68] ERROR Ad.Web.BackgroudService.MktAudienceFileService - wifi文件 查询人群包状态失败: statusResult={"code":0,"message":"","data":{"crowdId":10023338,"crowdStatus":1,"msg":"待生效","matchType":"OAID-MD5"}}
2026-07-20 01:36:52,462 [68] ERROR Ad.Web.BackgroudService.MktAudienceFileService - wifi文件 查询人群包状态失败: statusResult={"code":0,"message":"","data":{"crowdId":10023339,"crowdStatus":1,"msg":"待生效","matchType":"OAID-MD5"}}
2026-07-20 01:36:52,486 [68] ERROR Ad.Web.BackgroudService.MktAudienceFileService - wifi文件 查询人群包状态失败: statusResult={"code":0,"message":"","data":{"crowdId":10023340,"crowdStatus":1,"msg":"待生效","matchType":"OAID-MD5"}}
2026-07-20 01:36:52,508 [68] ERROR Ad.Web.BackgroudService.MktAudienceFileService - wifi文件 查询人群包状态失败: statusResult={"code":0,"message":"","data":{"crowdId":10023341,"crowdStatus":1,"msg":"待生效","matchType":"OAID-MD5"}}
2026-07-20 01:36:52,532 [68] ERROR Ad.Web.BackgroudService.MktAudienceFileService - wifi文件 查询人群包状态失败: statusResult={"code":0,"message":"","data":{"crowdId":10023342,"crowdStatus":1,"msg":"待生效","matchType":"OAID-MD5"}}
2026-07-20 01:36:52,554 [68] ERROR Ad.Web.BackgroudService.MktAudienceFileService - wifi文件 查询人群包状态失败: statusResult={"code":0,"message":"","data":{"crowdId":10023343,"crowdStatus":1,"msg":"待生效","matchType":"OAID-MD5"}}
2026-07-20 01:36:52,578 [68] ERROR Ad.Web.BackgroudService.MktAudienceFileService - wifi文件 查询人群包状态失败: statusResult={"code":0,"message":"","data":{"crowdId":10023344,"crowdStatus":1,"msg":"待生效","matchType":"OAID-MD5"}}
2026-07-20 01:36:52,600 [68] ERROR Ad.Web.BackgroudService.MktAudienceFileService - wifi文件 查询人群包状态失败: statusResult={"code":0,"message":"","data":{"crowdId":10023345,"crowdStatus":1,"msg":"待生效","matchType":"OAID-MD5"}}
2026-07-20 01:36:52,623 [68] ERROR Ad.Web.BackgroudService.MktAudienceFileService - wifi文件 查询人群包状态失败: statusResult={"code":0,"message":"","data":{"crowdId":10023346,"crowdStatus":1,"msg":"待生效","matchType":"OAID-MD5"}}
2026-07-20 01:36:52,645 [68] ERROR Ad.Web.BackgroudService.MktAudienceFileService - wifi文件 查询人群包状态失败: statusResult={"code":0,"message":"","data":{"crowdId":10023347,"crowdStatus":1,"msg":"待生效","matchType":"OAID-MD5"}}
2026-07-20 01:36:52,668 [68] ERROR Ad.Web.BackgroudService.MktAudienceFileService - wifi文件 查询人群包状态失败: statusResult={"code":0,"message":"","data":{"crowdId":10023348,"crowdStatus":1,"msg":"待生效","matchType":"OAID-MD5"}}
2026-07-20 01:36:52,691 [68] ERROR Ad.Web.BackgroudService.MktAudienceFileService - wifi文件 查询人群包状态失败: statusResult={"code":0,"message":"","data":{"crowdId":10023349,"crowdStatus":1,"msg":"待生效","matchType":"OAID-MD5"}}
2026-07-20 01:36:52,714 [68] ERROR Ad.Web.BackgroudService.MktAudienceFileService - wifi文件 查询人群包状态失败: statusResult={"code":0,"message":"","data":{"crowdId":10023350,"crowdStatus":1,"msg":"待生效","matchType":"OAID-MD5"}}
2026-07-20 01:36:52,737 [68] ERROR Ad.Web.BackgroudService.MktAudienceFileService - wifi文件 查询人群包状态失败: statusResult={"code":0,"message":"","data":{"crowdId":10023435,"crowdStatus":5,"msg":"待生效","matchType":"OAID-MD5"}}
2026-07-20 01:46:50,746 [82] ERROR Ad.Web.BackgroudService.MktDownloadService - FtpGetFileSize ex.msg:The remote server returned an error: (550) File unavailable (e.g., file not found, no access).
2026-07-20 01:46:52,139 [82] ERROR Ad.Web.BackgroudService.MktAudienceFileService - wifi文件 查询人群包状态失败: statusResult={"code":0,"message":"","data":{"crowdId":10023395,"crowdStatus":2,"msg":"待生效","matchType":"OAID-MD5"}}
2026-07-20 01:46:52,220 [82] ERROR Ad.Web.BackgroudService.MktAudienceFileService - wifi文件 查询人群包状态失败: statusResult={"code":0,"message":"","data":{"crowdId":10023331,"crowdStatus":1,"msg":"待生效","matchType":"OAID-MD5"}}
2026-07-20 01:46:52,244 [19] ERROR Ad.Web.BackgroudService.MktAudienceFileService - wifi文件 查询人群包状态失败: statusResult={"code":0,"message":"","data":{"crowdId":10023395,"crowdStatus":2,"msg":"待生效","matchType":"OAID-MD5"}}
2026-07-20 01:46:52,269 [19] ERROR Ad.Web.BackgroudService.MktAudienceFileService - wifi文件 查询人群包状态失败: statusResult={"code":0,"message":"","data":{"crowdId":10023337,"crowdStatus":1,"msg":"待生效","matchType":"OAID-MD5"}}
2026-07-20 01:46:52,291 [86] ERROR Ad.Web.BackgroudService.MktAudienceFileService - wifi文件 查询人群包状态失败: statusResult={"code":0,"message":"","data":{"crowdId":10023338,"crowdStatus":1,"msg":"待生效","matchType":"OAID-MD5"}}
2026-07-20 01:46:52,315 [19] ERROR Ad.Web.BackgroudService.MktAudienceFileService - wifi文件 查询人群包状态失败: statusResult={"code":0,"message":"","data":{"crowdId":10023339,"crowdStatus":1,"msg":"待生效","matchType":"OAID-MD5"}}
2026-07-20 01:46:52,338 [86] ERROR Ad.Web.BackgroudService.MktAudienceFileService - wifi文件 查询人群包状态失败: statusResult={"code":0,"message":"","data":{"crowdId":10023340,"crowdStatus":1,"msg":"待生效","matchType":"OAID-MD5"}}
2026-07-20 01:46:52,362 [86] ERROR Ad.Web.BackgroudService.MktAudienceFileService - wifi文件 查询人群包状态失败: statusResult={"code":0,"message":"","data":{"crowdId":10023341,"crowdStatus":1,"msg":"待生效","matchType":"OAID-MD5"}}
2026-07-20 01:46:52,385 [88] ERROR Ad.Web.BackgroudService.MktAudienceFileService - wifi文件 查询人群包状态失败: statusResult={"code":0,"message":"","data":{"crowdId":10023342,"crowdStatus":1,"msg":"待生效","matchType":"OAID-MD5"}}
2026-07-20 01:46:52,409 [88] ERROR Ad.Web.BackgroudService.MktAudienceFileService - wifi文件 查询人群包状态失败: statusResult={"code":0,"message":"","data":{"crowdId":10023343,"crowdStatus":1,"msg":"待生效","matchType":"OAID-MD5"}}
2026-07-20 01:46:52,434 [88] ERROR Ad.Web.BackgroudService.MktAudienceFileService - wifi文件 查询人群包状态失败: statusResult={"code":0,"message":"","data":{"crowdId":10023344,"crowdStatus":1,"msg":"待生效","matchType":"OAID-MD5"}}
2026-07-20 01:46:52,457 [86] ERROR Ad.Web.BackgroudService.MktAudienceFileService - wifi文件 查询人群包状态失败: statusResult={"code":0,"message":"","data":{"crowdId":10023345,"crowdStatus":1,"msg":"待生效","matchType":"OAID-MD5"}}
2026-07-20 01:46:52,480 [88] ERROR Ad.Web.BackgroudService.MktAudienceFileService - wifi文件 查询人群包状态失败: statusResult={"code":0,"message":"","data":{"crowdId":10023346,"crowdStatus":1,"msg":"待生效","matchType":"OAID-MD5"}}
2026-07-20 01:46:52,504 [88] ERROR Ad.Web.BackgroudService.MktAudienceFileService - wifi文件 查询人群包状态失败: statusResult={"code":0,"message":"","data":{"crowdId":10023347,"crowdStatus":1,"msg":"待生效","matchType":"OAID-MD5"}}
2026-07-20 01:46:52,527 [88] ERROR Ad.Web.BackgroudService.MktAudienceFileService - wifi文件 查询人群包状态失败: statusResult={"code":0,"message":"","data":{"crowdId":10023348,"crowdStatus":1,"msg":"待生效","matchType":"OAID-MD5"}}
2026-07-20 01:46:52,552 [88] ERROR Ad.Web.BackgroudService.MktAudienceFileService - wifi文件 查询人群包状态失败: statusResult={"code":0,"message":"","data":{"crowdId":10023349,"crowdStatus":1,"msg":"待生效","matchType":"OAID-MD5"}}
2026-07-20 01:46:52,575 [82] ERROR Ad.Web.BackgroudService.MktAudienceFileService - wifi文件 查询人群包状态失败: statusResult={"code":0,"message":"","data":{"crowdId":10023350,"crowdStatus":1,"msg":"待生效","matchType":"OAID-MD5"}}
2026-07-20 01:46:52,599 [82] ERROR Ad.Web.BackgroudService.MktAudienceFileService - wifi文件 查询人群包状态失败: statusResult={"code":0,"message":"","data":{"crowdId":10023435,"crowdStatus":5,"msg":"待生效","matchType":"OAID-MD5"}}
2026-07-20 01:56:52,568 [57] ERROR Ad.Web.BackgroudService.MktAudienceFileService - wifi文件 查询人群包状态失败: statusResult={"code":0,"message":"","data":{"crowdId":10023395,"crowdStatus":2,"msg":"待生效","matchType":"OAID-MD5"}}
2026-07-20 01:56:52,666 [57] ERROR Ad.Web.BackgroudService.MktAudienceFileService - wifi文件 查询人群包状态失败: statusResult={"code":0,"message":"","data":{"crowdId":10023331,"crowdStatus":1,"msg":"待生效","matchType":"OAID-MD5"}}
2026-07-20 01:56:52,720 [57] ERROR Ad.Web.BackgroudService.MktAudienceFileService - wifi文件 查询人群包状态失败: statusResult={"code":0,"message":"","data":{"crowdId":10023395,"crowdStatus":2,"msg":"待生效","matchType":"OAID-MD5"}}
2026-07-20 01:56:52,745 [57] ERROR Ad.Web.BackgroudService.MktAudienceFileService - wifi文件 查询人群包状态失败: statusResult={"code":0,"message":"","data":{"crowdId":10023337,"crowdStatus":1,"msg":"待生效","matchType":"OAID-MD5"}}
2026-07-20 01:56:52,827 [57] ERROR Ad.Web.BackgroudService.MktAudienceFileService - wifi文件 查询人群包状态失败: statusResult={"code":0,"message":"","data":{"crowdId":10023338,"crowdStatus":1,"msg":"待生效","matchType":"OAID-MD5"}}
2026-07-20 01:56:52,883 [57] ERROR Ad.Web.BackgroudService.MktAudienceFileService - wifi文件 查询人群包状态失败: statusResult={"code":0,"message":"","data":{"crowdId":10023339,"crowdStatus":1,"msg":"待生效","matchType":"OAID-MD5"}}
2026-07-20 01:56:52,907 [57] ERROR Ad.Web.BackgroudService.MktAudienceFileService - wifi文件 查询人群包状态失败: statusResult={"code":0,"message":"","data":{"crowdId":10023340,"crowdStatus":1,"msg":"待生效","matchType":"OAID-MD5"}}
2026-07-20 01:56:52,986 [57] ERROR Ad.Web.BackgroudService.MktAudienceFileService - wifi文件 查询人群包状态失败: statusResult={"code":0,"message":"","data":{"crowdId":10023341,"crowdStatus":1,"msg":"待生效","matchType":"OAID-MD5"}}
2026-07-20 01:56:53,027 [57] ERROR Ad.Web.BackgroudService.MktAudienceFileService - wifi文件 查询人群包状态失败: statusResult={"code":0,"message":"","data":{"crowdId":10023342,"crowdStatus":1,"msg":"待生效","matchType":"OAID-MD5"}}
2026-07-20 01:56:53,099 [57] ERROR Ad.Web.BackgroudService.MktAudienceFileService - wifi文件 查询人群包状态失败: statusResult={"code":0,"message":"","data":{"crowdId":10023343,"crowdStatus":1,"msg":"待生效","matchType":"OAID-MD5"}}
2026-07-20 01:56:53,156 [57] ERROR Ad.Web.BackgroudService.MktAudienceFileService - wifi文件 查询人群包状态失败: statusResult={"code":0,"message":"","data":{"crowdId":10023344,"crowdStatus":1,"msg":"待生效","matchType":"OAID-MD5"}}
2026-07-20 01:56:53,214 [57] ERROR Ad.Web.BackgroudService.MktAudienceFileService - wifi文件 查询人群包状态失败: statusResult={"code":0,"message":"","data":{"crowdId":10023345,"crowdStatus":1,"msg":"待生效","matchType":"OAID-MD5"}}
2026-07-20 01:56:53,294 [57] ERROR Ad.Web.BackgroudService.MktAudienceFileService - wifi文件 查询人群包状态失败: statusResult={"code":0,"message":"","data":{"crowdId":10023346,"crowdStatus":1,"msg":"待生效","matchType":"OAID-MD5"}}
2026-07-20 01:56:53,347 [57] ERROR Ad.Web.BackgroudService.MktAudienceFileService - wifi文件 查询人群包状态失败: statusResult={"code":0,"message":"","data":{"crowdId":10023347,"crowdStatus":1,"msg":"待生效","matchType":"OAID-MD5"}}
2026-07-20 01:56:53,370 [57] ERROR Ad.Web.BackgroudService.MktAudienceFileService - wifi文件 查询人群包状态失败: statusResult={"code":0,"message":"","data":{"crowdId":10023348,"crowdStatus":1,"msg":"待生效","matchType":"OAID-MD5"}}
2026-07-20 01:56:53,433 [146] ERROR Ad.Web.BackgroudService.MktAudienceFileService - wifi文件 查询人群包状态失败: statusResult={"code":0,"message":"","data":{"crowdId":10023349,"crowdStatus":1,"msg":"待生效","matchType":"OAID-MD5"}}
2026-07-20 01:56:53,510 [146] ERROR Ad.Web.BackgroudService.MktAudienceFileService - wifi文件 查询人群包状态失败: statusResult={"code":0,"message":"","data":{"crowdId":10023350,"crowdStatus":1,"msg":"待生效","matchType":"OAID-MD5"}}
2026-07-20 01:56:53,568 [146] ERROR Ad.Web.BackgroudService.MktAudienceFileService - wifi文件 查询人群包状态失败: statusResult={"code":0,"message":"","data":{"crowdId":10023435,"crowdStatus":5,"msg":"待生效","matchType":"OAID-MD5"}}
2026-07-20 02:06:52,363 [185] ERROR Ad.Web.BackgroudService.MktAudienceFileService - wifi文件 查询人群包状态失败: statusResult={"code":0,"message":"","data":{"crowdId":10023395,"crowdStatus":2,"msg":"待生效","matchType":"OAID-MD5"}}
2026-07-20 02:06:52,436 [185] ERROR Ad.Web.BackgroudService.MktAudienceFileService - wifi文件 查询人群包状态失败: statusResult={"code":0,"message":"","data":{"crowdId":10023331,"crowdStatus":1,"msg":"待生效","matchType":"OAID-MD5"}}
2026-07-20 02:06:52,460 [184] ERROR Ad.Web.BackgroudService.MktAudienceFileService - wifi文件 查询人群包状态失败: statusResult={"code":0,"message":"","data":{"crowdId":10023395,"crowdStatus":2,"msg":"待生效","matchType":"OAID-MD5"}}
2026-07-20 02:06:52,689 [181] ERROR Ad.Web.BackgroudService.MktAudienceFileService - wifi文件 查询人群包状态失败: statusResult={"code":0,"message":"","data":{"crowdId":10023337,"crowdStatus":1,"msg":"待生效","matchType":"OAID-MD5"}}
2026-07-20 02:06:52,713 [185] ERROR Ad.Web.BackgroudService.MktAudienceFileService - wifi文件 查询人群包状态失败: statusResult={"code":0,"message":"","data":{"crowdId":10023338,"crowdStatus":1,"msg":"待生效","matchType":"OAID-MD5"}}
2026-07-20 02:06:52,941 [185] ERROR Ad.Web.BackgroudService.MktAudienceFileService - wifi文件 查询人群包状态失败: statusResult={"code":0,"message":"","data":{"crowdId":10023339,"crowdStatus":1,"msg":"待生效","matchType":"OAID-MD5"}}
2026-07-20 02:06:52,965 [185] ERROR Ad.Web.BackgroudService.MktAudienceFileService - wifi文件 查询人群包状态失败: statusResult={"code":0,"message":"","data":{"crowdId":10023340,"crowdStatus":1,"msg":"待生效","matchType":"OAID-MD5"}}
2026-07-20 02:06:52,989 [182] ERROR Ad.Web.BackgroudService.MktAudienceFileService - wifi文件 查询人群包状态失败: statusResult={"code":0,"message":"","data":{"crowdId":10023341,"crowdStatus":1,"msg":"待生效","matchType":"OAID-MD5"}}
2026-07-20 02:06:53,221 [181] ERROR Ad.Web.BackgroudService.MktAudienceFileService - wifi文件 查询人群包状态失败: statusResult={"code":0,"message":"","data":{"crowdId":10023342,"crowdStatus":1,"msg":"待生效","matchType":"OAID-MD5"}}
2026-07-20 02:06:53,245 [181] ERROR Ad.Web.BackgroudService.MktAudienceFileService - wifi文件 查询人群包状态失败: statusResult={"code":0,"message":"","data":{"crowdId":10023343,"crowdStatus":1,"msg":"待生效","matchType":"OAID-MD5"}}
2026-07-20 02:06:53,270 [181] ERROR Ad.Web.BackgroudService.MktAudienceFileService - wifi文件 查询人群包状态失败: statusResult={"code":0,"message":"","data":{"crowdId":10023344,"crowdStatus":1,"msg":"待生效","matchType":"OAID-MD5"}}
2026-07-20 02:06:53,292 [179] ERROR Ad.Web.BackgroudService.MktAudienceFileService - wifi文件 查询人群包状态失败: statusResult={"code":0,"message":"","data":{"crowdId":10023345,"crowdStatus":1,"msg":"待生效","matchType":"OAID-MD5"}}
2026-07-20 02:06:53,315 [184] ERROR Ad.Web.BackgroudService.MktAudienceFileService - wifi文件 查询人群包状态失败: statusResult={"code":0,"message":"","data":{"crowdId":10023346,"crowdStatus":1,"msg":"待生效","matchType":"OAID-MD5"}}
2026-07-20 02:06:53,339 [181] ERROR Ad.Web.BackgroudService.MktAudienceFileService - wifi文件 查询人群包状态失败: statusResult={"code":0,"message":"","data":{"crowdId":10023347,"crowdStatus":1,"msg":"待生效","matchType":"OAID-MD5"}}
2026-07-20 02:06:53,362 [179] ERROR Ad.Web.BackgroudService.MktAudienceFileService - wifi文件 查询人群包状态失败: statusResult={"code":0,"message":"","data":{"crowdId":10023348,"crowdStatus":1,"msg":"待生效","matchType":"OAID-MD5"}}
2026-07-20 02:06:53,385 [179] ERROR Ad.Web.BackgroudService.MktAudienceFileService - wifi文件 查询人群包状态失败: statusResult={"code":0,"message":"","data":{"crowdId":10023349,"crowdStatus":1,"msg":"待生效","matchType":"OAID-MD5"}}
2026-07-20 02:06:53,408 [185] ERROR Ad.Web.BackgroudService.MktAudienceFileService - wifi文件 查询人群包状态失败: statusResult={"code":0,"message":"","data":{"crowdId":10023350,"crowdStatus":1,"msg":"待生效","matchType":"OAID-MD5"}}
2026-07-20 02:06:53,431 [179] ERROR Ad.Web.BackgroudService.MktAudienceFileService - wifi文件 查询人群包状态失败: statusResult={"code":0,"message":"","data":{"crowdId":10023435,"crowdStatus":5,"msg":"待生效","matchType":"OAID-MD5"}}
2026-07-20 02:16:50,751 [156] ERROR Ad.Web.BackgroudService.MktDownloadService - FtpGetFileSize ex.msg:The remote server returned an error: (550) File unavailable (e.g., file not found, no access).
2026-07-20 02:16:52,960 [154] ERROR Ad.Web.BackgroudService.MktAudienceFileService - wifi文件 查询人群包状态失败: statusResult={"code":0,"message":"","data":{"crowdId":10023395,"crowdStatus":2,"msg":"待生效","matchType":"OAID-MD5"}}
2026-07-20 02:16:53,154 [159] ERROR Ad.Web.BackgroudService.MktAudienceFileService - wifi文件 查询人群包状态失败: statusResult={"code":0,"message":"","data":{"crowdId":10023331,"crowdStatus":1,"msg":"待生效","matchType":"OAID-MD5"}}
2026-07-20 02:16:53,187 [159] ERROR Ad.Web.BackgroudService.MktAudienceFileService - wifi文件 查询人群包状态失败: statusResult={"code":0,"message":"","data":{"crowdId":10023395,"crowdStatus":2,"msg":"待生效","matchType":"OAID-MD5"}}
2026-07-20 02:16:53,211 [153] ERROR Ad.Web.BackgroudService.MktAudienceFileService - wifi文件 查询人群包状态失败: statusResult={"code":0,"message":"","data":{"crowdId":10023337,"crowdStatus":1,"msg":"待生效","matchType":"OAID-MD5"}}
2026-07-20 02:16:53,235 [159] ERROR Ad.Web.BackgroudService.MktAudienceFileService - wifi文件 查询人群包状态失败: statusResult={"code":0,"message":"","data":{"crowdId":10023338,"crowdStatus":1,"msg":"待生效","matchType":"OAID-MD5"}}
2026-07-20 02:16:53,258 [159] ERROR Ad.Web.BackgroudService.MktAudienceFileService - wifi文件 查询人群包状态失败: statusResult={"code":0,"message":"","data":{"crowdId":10023339,"crowdStatus":1,"msg":"待生效","matchType":"OAID-MD5"}}
2026-07-20 02:16:53,281 [159] ERROR Ad.Web.BackgroudService.MktAudienceFileService - wifi文件 查询人群包状态失败: statusResult={"code":0,"message":"","data":{"crowdId":10023340,"crowdStatus":1,"msg":"待生效","matchType":"OAID-MD5"}}
2026-07-20 02:16:53,305 [159] ERROR Ad.Web.BackgroudService.MktAudienceFileService - wifi文件 查询人群包状态失败: statusResult={"code":0,"message":"","data":{"crowdId":10023341,"crowdStatus":1,"msg":"待生效","matchType":"OAID-MD5"}}
2026-07-20 02:16:53,327 [159] ERROR Ad.Web.BackgroudService.MktAudienceFileService - wifi文件 查询人群包状态失败: statusResult={"code":0,"message":"","data":{"crowdId":10023342,"crowdStatus":1,"msg":"待生效","matchType":"OAID-MD5"}}
2026-07-20 02:16:53,350 [157] ERROR Ad.Web.BackgroudService.MktAudienceFileService - wifi文件 查询人群包状态失败: statusResult={"code":0,"message":"","data":{"crowdId":10023343,"crowdStatus":1,"msg":"待生效","matchType":"OAID-MD5"}}
2026-07-20 02:16:53,496 [159] ERROR Ad.Web.BackgroudService.MktAudienceFileService - wifi文件 查询人群包状态失败: statusResult={"code":0,"message":"","data":{"crowdId":10023344,"crowdStatus":1,"msg":"待生效","matchType":"OAID-MD5"}}
2026-07-20 02:16:53,520 [159] ERROR Ad.Web.BackgroudService.MktAudienceFileService - wifi文件 查询人群包状态失败: statusResult={"code":0,"message":"","data":{"crowdId":10023345,"crowdStatus":1,"msg":"待生效","matchType":"OAID-MD5"}}
2026-07-20 02:16:53,543 [159] ERROR Ad.Web.BackgroudService.MktAudienceFileService - wifi文件 查询人群包状态失败: statusResult={"code":0,"message":"","data":{"crowdId":10023346,"crowdStatus":1,"msg":"待生效","matchType":"OAID-MD5"}}
2026-07-20 02:16:53,565 [159] ERROR Ad.Web.BackgroudService.MktAudienceFileService - wifi文件 查询人群包状态失败: statusResult={"code":0,"message":"","data":{"crowdId":10023347,"crowdStatus":1,"msg":"待生效","matchType":"OAID-MD5"}}
2026-07-20 02:16:53,588 [159] ERROR Ad.Web.BackgroudService.MktAudienceFileService - wifi文件 查询人群包状态失败: statusResult={"code":0,"message":"","data":{"crowdId":10023348,"crowdStatus":1,"msg":"待生效","matchType":"OAID-MD5"}}
2026-07-20 02:16:53,610 [154] ERROR Ad.Web.BackgroudService.MktAudienceFileService - wifi文件 查询人群包状态失败: statusResult={"code":0,"message":"","data":{"crowdId":10023349,"crowdStatus":1,"msg":"待生效","matchType":"OAID-MD5"}}
2026-07-20 02:16:53,633 [154] ERROR Ad.Web.BackgroudService.MktAudienceFileService - wifi文件 查询人群包状态失败: statusResult={"code":0,"message":"","data":{"crowdId":10023350,"crowdStatus":1,"msg":"待生效","matchType":"OAID-MD5"}}
2026-07-20 02:16:53,657 [159] ERROR Ad.Web.BackgroudService.MktAudienceFileService - wifi文件 查询人群包状态失败: statusResult={"code":0,"message":"","data":{"crowdId":10023435,"crowdStatus":5,"msg":"待生效","matchType":"OAID-MD5"}}
2026-07-20 02:26:53,473 [72] ERROR Ad.Web.BackgroudService.MktAudienceFileService - huawei文件 查询人群包状态失败: result={"code":200,"message":"Success","value":{"dmpID":"1953077773933364096","audiences":[{"id":"866959","name":[{"language":"zh","country":null,"value":"闲鱼点击人群_20260525_bucket0"}],"description":[],"scale":832499,"status":0,"adsAudienceId":"1779707070601","updateTime":"2026-07-20 02:17:22","coverageCountReal":"462267"}]}}
2026-07-20 02:26:54,084 [72] ERROR Ad.Web.BackgroudService.MktAudienceFileService - huawei文件 查询人群包状态失败: result={"code":200,"message":"Success","value":{"dmpID":"1953077773933364096","audiences":[{"id":"203265","name":[{"language":"zh","country":null,"value":"闲鱼定向包_20260528_bucket0"}],"description":[],"scale":423523,"status":1,"adsAudienceId":"1779951406791","updateTime":"2026-07-19 18:14:06","coverageCountReal":"42567700"}]}}
2026-07-20 02:26:54,546 [72] ERROR Ad.Web.BackgroudService.MktAudienceFileService - huawei文件 查询人群包状态失败: result={"code":200,"message":"Success","value":{"dmpID":"1953077773933364096","audiences":[{"id":"866959","name":[{"language":"zh","country":null,"value":"闲鱼点击人群_20260525_bucket0"}],"description":[],"scale":832499,"status":0,"adsAudienceId":"1779707070601","updateTime":"2026-07-20 02:17:22","coverageCountReal":"462267"}]}}
2026-07-20 02:26:54,674 [72] ERROR Ad.Web.BackgroudService.MktAudienceFileService - wifi文件 查询人群包状态失败: statusResult={"code":0,"message":"","data":{"crowdId":10023395,"crowdStatus":2,"msg":"待生效","matchType":"OAID-MD5"}}
2026-07-20 02:26:54,697 [72] ERROR Ad.Web.BackgroudService.MktAudienceFileService - wifi文件 查询人群包状态失败: statusResult={"code":0,"message":"","data":{"crowdId":10023331,"crowdStatus":2,"msg":"待生效","matchType":"OAID-MD5"}}
2026-07-20 02:26:54,828 [72] ERROR Ad.Web.BackgroudService.MktAudienceFileService - wifi文件 查询人群包状态失败: statusResult={"code":0,"message":"","data":{"crowdId":10023331,"crowdStatus":2,"msg":"待生效","matchType":"OAID-MD5"}}
2026-07-20 02:26:54,853 [72] ERROR Ad.Web.BackgroudService.MktAudienceFileService - wifi文件 查询人群包状态失败: statusResult={"code":0,"message":"","data":{"crowdId":10023395,"crowdStatus":2,"msg":"待生效","matchType":"OAID-MD5"}}
2026-07-20 02:26:54,939 [72] ERROR Ad.Web.BackgroudService.MktAudienceFileService - wifi文件 查询人群包状态失败: statusResult={"code":0,"message":"","data":{"crowdId":10023337,"crowdStatus":1,"msg":"待生效","matchType":"OAID-MD5"}}
2026-07-20 02:26:54,995 [72] ERROR Ad.Web.BackgroudService.MktAudienceFileService - wifi文件 查询人群包状态失败: statusResult={"code":0,"message":"","data":{"crowdId":10023338,"crowdStatus":1,"msg":"待生效","matchType":"OAID-MD5"}}
2026-07-20 02:26:55,076 [72] ERROR Ad.Web.BackgroudService.MktAudienceFileService - wifi文件 查询人群包状态失败: statusResult={"code":0,"message":"","data":{"crowdId":10023339,"crowdStatus":1,"msg":"待生效","matchType":"OAID-MD5"}}
2026-07-20 02:26:55,157 [72] ERROR Ad.Web.BackgroudService.MktAudienceFileService - wifi文件 查询人群包状态失败: statusResult={"code":0,"message":"","data":{"crowdId":10023340,"crowdStatus":1,"msg":"待生效","matchType":"OAID-MD5"}}
2026-07-20 02:26:55,239 [72] ERROR Ad.Web.BackgroudService.MktAudienceFileService - wifi文件 查询人群包状态失败: statusResult={"code":0,"message":"","data":{"crowdId":10023341,"crowdStatus":1,"msg":"待生效","matchType":"OAID-MD5"}}
2026-07-20 02:26:55,320 [72] ERROR Ad.Web.BackgroudService.MktAudienceFileService - wifi文件 查询人群包状态失败: statusResult={"code":0,"message":"","data":{"crowdId":10023342,"crowdStatus":1,"msg":"待生效","matchType":"OAID-MD5"}}
2026-07-20 02:26:55,401 [72] ERROR Ad.Web.BackgroudService.MktAudienceFileService - wifi文件 查询人群包状态失败: statusResult={"code":0,"message":"","data":{"crowdId":10023343,"crowdStatus":1,"msg":"待生效","matchType":"OAID-MD5"}}
2026-07-20 02:26:55,463 [94] ERROR Ad.Web.BackgroudService.MktAudienceFileService - wifi文件 查询人群包状态失败: statusResult={"code":0,"message":"","data":{"crowdId":10023344,"crowdStatus":1,"msg":"待生效","matchType":"OAID-MD5"}}
2026-07-20 02:26:55,545 [94] ERROR Ad.Web.BackgroudService.MktAudienceFileService - wifi文件 查询人群包状态失败: statusResult={"code":0,"message":"","data":{"crowdId":10023345,"crowdStatus":1,"msg":"待生效","matchType":"OAID-MD5"}}
2026-07-20 02:26:55,626 [94] ERROR Ad.Web.BackgroudService.MktAudienceFileService - wifi文件 查询人群包状态失败: statusResult={"code":0,"message":"","data":{"crowdId":10023346,"crowdStatus":1,"msg":"待生效","matchType":"OAID-MD5"}}
2026-07-20 02:26:55,724 [94] ERROR Ad.Web.BackgroudService.MktAudienceFileService - wifi文件 查询人群包状态失败: statusResult={"code":0,"message":"","data":{"crowdId":10023347,"crowdStatus":1,"msg":"待生效","matchType":"OAID-MD5"}}
2026-07-20 02:26:55,786 [94] ERROR Ad.Web.BackgroudService.MktAudienceFileService - wifi文件 查询人群包状态失败: statusResult={"code":0,"message":"","data":{"crowdId":10023348,"crowdStatus":1,"msg":"待生效","matchType":"OAID-MD5"}}
2026-07-20 02:26:55,847 [94] ERROR Ad.Web.BackgroudService.MktAudienceFileService - wifi文件 查询人群包状态失败: statusResult={"code":0,"message":"","data":{"crowdId":10023349,"crowdStatus":1,"msg":"待生效","matchType":"OAID-MD5"}}
2026-07-20 02:26:55,905 [94] ERROR Ad.Web.BackgroudService.MktAudienceFileService - wifi文件 查询人群包状态失败: statusResult={"code":0,"message":"","data":{"crowdId":10023350,"crowdStatus":1,"msg":"待生效","matchType":"OAID-MD5"}}
2026-07-20 02:26:55,986 [75] ERROR Ad.Web.BackgroudService.MktAudienceFileService - wifi文件 查询人群包状态失败: statusResult={"code":0,"message":"","data":{"crowdId":10023435,"crowdStatus":5,"msg":"待生效","matchType":"OAID-MD5"}}
2026-07-20 02:36:52,895 [121] ERROR Ad.Web.BackgroudService.MktAudienceFileService - huawei文件 查询人群包状态失败: result={"code":200,"message":"Success","value":{"dmpID":"1953077773933364096","audiences":[{"id":"866959","name":[{"language":"zh","country":null,"value":"闲鱼点击人群_20260525_bucket0"}],"description":[],"scale":832499,"status":0,"adsAudienceId":"1779707070601","updateTime":"2026-07-20 02:17:22","coverageCountReal":"462267"}]}}
2026-07-20 02:36:53,378 [121] ERROR Ad.Web.BackgroudService.MktAudienceFileService - huawei文件 查询人群包状态失败: result={"code":200,"message":"Success","value":{"dmpID":"1953077773933364096","audiences":[{"id":"203265","name":[{"language":"zh","country":null,"value":"闲鱼定向包_20260528_bucket0"}],"description":[],"scale":423523,"status":1,"adsAudienceId":"1779951406791","updateTime":"2026-07-19 18:14:06","coverageCountReal":"42567700"}]}}
2026-07-20 02:36:53,791 [121] ERROR Ad.Web.BackgroudService.MktAudienceFileService - huawei文件 查询人群包状态失败: result={"code":200,"message":"Success","value":{"dmpID":"1953077773933364096","audiences":[{"id":"866959","name":[{"language":"zh","country":null,"value":"闲鱼点击人群_20260525_bucket0"}],"description":[],"scale":832499,"status":0,"adsAudienceId":"1779707070601","updateTime":"2026-07-20 02:17:22","coverageCountReal":"462267"}]}}
2026-07-20 02:36:53,846 [121] ERROR Ad.Web.BackgroudService.MktAudienceFileService - wifi文件 查询人群包状态失败: statusResult={"code":0,"message":"","data":{"crowdId":10023395,"crowdStatus":2,"msg":"待生效","matchType":"OAID-MD5"}}
2026-07-20 02:36:53,855 [121] ERROR Ad.Web.BackgroudService.MktAudienceFileService - wifi文件 查询人群包状态失败: statusResult={"code":0,"message":"","data":{"crowdId":10023331,"crowdStatus":2,"msg":"待生效","matchType":"OAID-MD5"}}
2026-07-20 02:36:53,939 [121] ERROR Ad.Web.BackgroudService.MktAudienceFileService - wifi文件 查询人群包状态失败: statusResult={"code":0,"message":"","data":{"crowdId":10023331,"crowdStatus":2,"msg":"待生效","matchType":"OAID-MD5"}}
2026-07-20 02:36:53,964 [121] ERROR Ad.Web.BackgroudService.MktAudienceFileService - wifi文件 查询人群包状态失败: statusResult={"code":0,"message":"","data":{"crowdId":10023395,"crowdStatus":2,"msg":"待生效","matchType":"OAID-MD5"}}
2026-07-20 02:36:53,988 [121] ERROR Ad.Web.BackgroudService.MktAudienceFileService - wifi文件 查询人群包状态失败: statusResult={"code":0,"message":"","data":{"crowdId":10023337,"crowdStatus":1,"msg":"待生效","matchType":"OAID-MD5"}}
2026-07-20 02:36:54,011 [121] ERROR Ad.Web.BackgroudService.MktAudienceFileService - wifi文件 查询人群包状态失败: statusResult={"code":0,"message":"","data":{"crowdId":10023338,"crowdStatus":1,"msg":"待生效","matchType":"OAID-MD5"}}
2026-07-20 02:36:54,034 [121] ERROR Ad.Web.BackgroudService.MktAudienceFileService - wifi文件 查询人群包状态失败: statusResult={"code":0,"message":"","data":{"crowdId":10023339,"crowdStatus":1,"msg":"待生效","matchType":"OAID-MD5"}}
2026-07-20 02:36:54,057 [121] ERROR Ad.Web.BackgroudService.MktAudienceFileService - wifi文件 查询人群包状态失败: statusResult={"code":0,"message":"","data":{"crowdId":10023340,"crowdStatus":1,"msg":"待生效","matchType":"OAID-MD5"}}
2026-07-20 02:36:54,080 [121] ERROR Ad.Web.BackgroudService.MktAudienceFileService - wifi文件 查询人群包状态失败: statusResult={"code":0,"message":"","data":{"crowdId":10023341,"crowdStatus":1,"msg":"待生效","matchType":"OAID-MD5"}}
2026-07-20 02:36:54,104 [121] ERROR Ad.Web.BackgroudService.MktAudienceFileService - wifi文件 查询人群包状态失败: statusResult={"code":0,"message":"","data":{"crowdId":10023342,"crowdStatus":1,"msg":"待生效","matchType":"OAID-MD5"}}
2026-07-20 02:36:54,127 [121] ERROR Ad.Web.BackgroudService.MktAudienceFileService - wifi文件 查询人群包状态失败: statusResult={"code":0,"message":"","data":{"crowdId":10023343,"crowdStatus":1,"msg":"待生效","matchType":"OAID-MD5"}}
2026-07-20 02:36:54,149 [121] ERROR Ad.Web.BackgroudService.MktAudienceFileService - wifi文件 查询人群包状态失败: statusResult={"code":0,"message":"","data":{"crowdId":10023344,"crowdStatus":1,"msg":"待生效","matchType":"OAID-MD5"}}
2026-07-20 02:36:54,172 [121] ERROR Ad.Web.BackgroudService.MktAudienceFileService - wifi文件 查询人群包状态失败: statusResult={"code":0,"message":"","data":{"crowdId":10023345,"crowdStatus":1,"msg":"待生效","matchType":"OAID-MD5"}}
2026-07-20 02:36:54,197 [121] ERROR Ad.Web.BackgroudService.MktAudienceFileService - wifi文件 查询人群包状态失败: statusResult={"code":0,"message":"","data":{"crowdId":10023346,"crowdStatus":1,"msg":"待生效","matchType":"OAID-MD5"}}
2026-07-20 02:36:54,220 [121] ERROR Ad.Web.BackgroudService.MktAudienceFileService - wifi文件 查询人群包状态失败: statusResult={"code":0,"message":"","data":{"crowdId":10023347,"crowdStatus":1,"msg":"待生效","matchType":"OAID-MD5"}}
2026-07-20 02:36:54,243 [121] ERROR Ad.Web.BackgroudService.MktAudienceFileService - wifi文件 查询人群包状态失败: statusResult={"code":0,"message":"","data":{"crowdId":10023348,"crowdStatus":1,"msg":"待生效","matchType":"OAID-MD5"}}
2026-07-20 02:36:54,266 [121] ERROR Ad.Web.BackgroudService.MktAudienceFileService - wifi文件 查询人群包状态失败: statusResult={"code":0,"message":"","data":{"crowdId":10023349,"crowdStatus":1,"msg":"待生效","matchType":"OAID-MD5"}}
2026-07-20 02:36:54,289 [121] ERROR Ad.Web.BackgroudService.MktAudienceFileService - wifi文件 查询人群包状态失败: statusResult={"code":0,"message":"","data":{"crowdId":10023350,"crowdStatus":1,"msg":"待生效","matchType":"OAID-MD5"}}
2026-07-20 02:36:54,313 [121] ERROR Ad.Web.BackgroudService.MktAudienceFileService - wifi文件 查询人群包状态失败: statusResult={"code":0,"message":"","data":{"crowdId":10023435,"crowdStatus":5,"msg":"待生效","matchType":"OAID-MD5"}}
2026-07-20 02:46:50,751 [76] ERROR Ad.Web.BackgroudService.MktDownloadService - FtpGetFileSize ex.msg:The remote server returned an error: (550) File unavailable (e.g., file not found, no access).
2026-07-20 02:46:54,057 [79] ERROR Ad.Web.BackgroudService.MktAudienceFileService - huawei文件 查询人群包状态失败: result={"code":200,"message":"Success","value":{"dmpID":"1953077773933364096","audiences":[{"id":"866959","name":[{"language":"zh","country":null,"value":"闲鱼点击人群_20260525_bucket0"}],"description":[],"scale":832499,"status":0,"adsAudienceId":"1779707070601","updateTime":"2026-07-20 02:17:22","coverageCountReal":"462267"}]}}
2026-07-20 02:46:54,484 [56] ERROR Ad.Web.BackgroudService.MktAudienceFileService - huawei文件 查询人群包状态失败: result={"code":200,"message":"Success","value":{"dmpID":"1953077773933364096","audiences":[{"id":"203265","name":[{"language":"zh","country":null,"value":"闲鱼定向包_20260528_bucket0"}],"description":[],"scale":423523,"status":1,"adsAudienceId":"1779951406791","updateTime":"2026-07-19 18:14:06","coverageCountReal":"42567700"}]}}
2026-07-20 02:46:54,998 [79] ERROR Ad.Web.BackgroudService.MktAudienceFileService - huawei文件 查询人群包状态失败: result={"code":200,"message":"Success","value":{"dmpID":"1953077773933364096","audiences":[{"id":"866959","name":[{"language":"zh","country":null,"value":"闲鱼点击人群_20260525_bucket0"}],"description":[],"scale":832499,"status":0,"adsAudienceId":"1779707070601","updateTime":"2026-07-20 02:17:22","coverageCountReal":"462267"}]}}
2026-07-20 02:46:55,061 [56] ERROR Ad.Web.BackgroudService.MktAudienceFileService - wifi文件 查询人群包状态失败: statusResult={"code":0,"message":"","data":{"crowdId":10023395,"crowdStatus":2,"msg":"待生效","matchType":"OAID-MD5"}}
2026-07-20 02:46:55,071 [79] ERROR Ad.Web.BackgroudService.MktAudienceFileService - wifi文件 查询人群包状态失败: statusResult={"code":0,"message":"","data":{"crowdId":10023331,"crowdStatus":2,"msg":"待生效","matchType":"OAID-MD5"}}
2026-07-20 02:46:55,145 [56] ERROR Ad.Web.BackgroudService.MktAudienceFileService - wifi文件 查询人群包状态失败: statusResult={"code":0,"message":"","data":{"crowdId":10023331,"crowdStatus":2,"msg":"待生效","matchType":"OAID-MD5"}}
2026-07-20 02:46:55,170 [79] ERROR Ad.Web.BackgroudService.MktAudienceFileService - wifi文件 查询人群包状态失败: statusResult={"code":0,"message":"","data":{"crowdId":10023395,"crowdStatus":2,"msg":"待生效","matchType":"OAID-MD5"}}
2026-07-20 02:46:55,193 [56] ERROR Ad.Web.BackgroudService.MktAudienceFileService - wifi文件 查询人群包状态失败: statusResult={"code":0,"message":"","data":{"crowdId":10023337,"crowdStatus":1,"msg":"待生效","matchType":"OAID-MD5"}}
2026-07-20 02:46:55,217 [56] ERROR Ad.Web.BackgroudService.MktAudienceFileService - wifi文件 查询人群包状态失败: statusResult={"code":0,"message":"","data":{"crowdId":10023338,"crowdStatus":1,"msg":"待生效","matchType":"OAID-MD5"}}
2026-07-20 02:46:55,240 [79] ERROR Ad.Web.BackgroudService.MktAudienceFileService - wifi文件 查询人群包状态失败: statusResult={"code":0,"message":"","data":{"crowdId":10023339,"crowdStatus":1,"msg":"待生效","matchType":"OAID-MD5"}}
2026-07-20 02:46:55,264 [56] ERROR Ad.Web.BackgroudService.MktAudienceFileService - wifi文件 查询人群包状态失败: statusResult={"code":0,"message":"","data":{"crowdId":10023340,"crowdStatus":1,"msg":"待生效","matchType":"OAID-MD5"}}
2026-07-20 02:46:55,286 [56] ERROR Ad.Web.BackgroudService.MktAudienceFileService - wifi文件 查询人群包状态失败: statusResult={"code":0,"message":"","data":{"crowdId":10023341,"crowdStatus":1,"msg":"待生效","matchType":"OAID-MD5"}}
2026-07-20 02:46:55,310 [76] ERROR Ad.Web.BackgroudService.MktAudienceFileService - wifi文件 查询人群包状态失败: statusResult={"code":0,"message":"","data":{"crowdId":10023342,"crowdStatus":1,"msg":"待生效","matchType":"OAID-MD5"}}
2026-07-20 02:46:55,333 [76] ERROR Ad.Web.BackgroudService.MktAudienceFileService - wifi文件 查询人群包状态失败: statusResult={"code":0,"message":"","data":{"crowdId":10023343,"crowdStatus":1,"msg":"待生效","matchType":"OAID-MD5"}}
2026-07-20 02:46:55,406 [56] ERROR Ad.Web.BackgroudService.MktAudienceFileService - wifi文件 查询人群包状态失败: statusResult={"code":0,"message":"","data":{"crowdId":10023344,"crowdStatus":1,"msg":"待生效","matchType":"OAID-MD5"}}
2026-07-20 02:46:55,429 [56] ERROR Ad.Web.BackgroudService.MktAudienceFileService - wifi文件 查询人群包状态失败: statusResult={"code":0,"message":"","data":{"crowdId":10023345,"crowdStatus":1,"msg":"待生效","matchType":"OAID-MD5"}}
2026-07-20 02:46:55,453 [79] ERROR Ad.Web.BackgroudService.MktAudienceFileService - wifi文件 查询人群包状态失败: statusResult={"code":0,"message":"","data":{"crowdId":10023346,"crowdStatus":1,"msg":"待生效","matchType":"OAID-MD5"}}
2026-07-20 02:46:55,476 [79] ERROR Ad.Web.BackgroudService.MktAudienceFileService - wifi文件 查询人群包状态失败: statusResult={"code":0,"message":"","data":{"crowdId":10023347,"crowdStatus":1,"msg":"待生效","matchType":"OAID-MD5"}}
2026-07-20 02:46:55,500 [79] ERROR Ad.Web.BackgroudService.MktAudienceFileService - wifi文件 查询人群包状态失败: statusResult={"code":0,"message":"","data":{"crowdId":10023348,"crowdStatus":1,"msg":"待生效","matchType":"OAID-MD5"}}
2026-07-20 02:46:55,522 [79] ERROR Ad.Web.BackgroudService.MktAudienceFileService - wifi文件 查询人群包状态失败: statusResult={"code":0,"message":"","data":{"crowdId":10023349,"crowdStatus":1,"msg":"待生效","matchType":"OAID-MD5"}}
2026-07-20 02:46:55,546 [79] ERROR Ad.Web.BackgroudService.MktAudienceFileService - wifi文件 查询人群包状态失败: statusResult={"code":0,"message":"","data":{"crowdId":10023350,"crowdStatus":1,"msg":"待生效","matchType":"OAID-MD5"}}
2026-07-20 02:46:55,570 [79] ERROR Ad.Web.BackgroudService.MktAudienceFileService - wifi文件 查询人群包状态失败: statusResult={"code":0,"message":"","data":{"crowdId":10023435,"crowdStatus":5,"msg":"待生效","matchType":"OAID-MD5"}}
2026-07-20 02:56:53,069 [141] ERROR Ad.Web.BackgroudService.MktAudienceFileService - huawei文件 查询人群包状态失败: result={"code":200,"message":"Success","value":{"dmpID":"1953077773933364096","audiences":[{"id":"866959","name":[{"language":"zh","country":null,"value":"闲鱼点击人群_20260525_bucket0"}],"description":[],"scale":832499,"status":0,"adsAudienceId":"1779707070601","updateTime":"2026-07-20 02:17:22","coverageCountReal":"462267"}]}}
2026-07-20 02:56:53,497 [141] ERROR Ad.Web.BackgroudService.MktAudienceFileService - huawei文件 查询人群包状态失败: result={"code":200,"message":"Success","value":{"dmpID":"1953077773933364096","audiences":[{"id":"203265","name":[{"language":"zh","country":null,"value":"闲鱼定向包_20260528_bucket0"}],"description":[],"scale":423523,"status":1,"adsAudienceId":"1779951406791","updateTime":"2026-07-19 18:14:06","coverageCountReal":"42567700"}]}}
2026-07-20 02:56:53,977 [141] ERROR Ad.Web.BackgroudService.MktAudienceFileService - huawei文件 查询人群包状态失败: result={"code":200,"message":"Success","value":{"dmpID":"1953077773933364096","audiences":[{"id":"866959","name":[{"language":"zh","country":null,"value":"闲鱼点击人群_20260525_bucket0"}],"description":[],"scale":832499,"status":0,"adsAudienceId":"1779707070601","updateTime":"2026-07-20 02:17:22","coverageCountReal":"462267"}]}}
2026-07-20 02:56:54,031 [141] ERROR Ad.Web.BackgroudService.MktAudienceFileService - wifi文件 查询人群包状态失败: statusResult={"code":0,"message":"","data":{"crowdId":10023395,"crowdStatus":2,"msg":"待生效","matchType":"OAID-MD5"}}
2026-07-20 02:56:54,049 [141] ERROR Ad.Web.BackgroudService.MktAudienceFileService - wifi文件 查询人群包状态失败: statusResult={"code":0,"message":"","data":{"crowdId":10023331,"crowdStatus":2,"msg":"待生效","matchType":"OAID-MD5"}}
2026-07-20 02:56:54,122 [141] ERROR Ad.Web.BackgroudService.MktAudienceFileService - wifi文件 查询人群包状态失败: statusResult={"code":0,"message":"","data":{"crowdId":10023331,"crowdStatus":2,"msg":"待生效","matchType":"OAID-MD5"}}
2026-07-20 02:56:54,146 [141] ERROR Ad.Web.BackgroudService.MktAudienceFileService - wifi文件 查询人群包状态失败: statusResult={"code":0,"message":"","data":{"crowdId":10023395,"crowdStatus":2,"msg":"待生效","matchType":"OAID-MD5"}}
2026-07-20 02:56:54,170 [141] ERROR Ad.Web.BackgroudService.MktAudienceFileService - wifi文件 查询人群包状态失败: statusResult={"code":0,"message":"","data":{"crowdId":10023337,"crowdStatus":1,"msg":"待生效","matchType":"OAID-MD5"}}
2026-07-20 02:56:54,193 [141] ERROR Ad.Web.BackgroudService.MktAudienceFileService - wifi文件 查询人群包状态失败: statusResult={"code":0,"message":"","data":{"crowdId":10023338,"crowdStatus":1,"msg":"待生效","matchType":"OAID-MD5"}}
2026-07-20 02:56:54,216 [141] ERROR Ad.Web.BackgroudService.MktAudienceFileService - wifi文件 查询人群包状态失败: statusResult={"code":0,"message":"","data":{"crowdId":10023339,"crowdStatus":1,"msg":"待生效","matchType":"OAID-MD5"}}
2026-07-20 02:56:54,239 [141] ERROR Ad.Web.BackgroudService.MktAudienceFileService - wifi文件 查询人群包状态失败: statusResult={"code":0,"message":"","data":{"crowdId":10023340,"crowdStatus":1,"msg":"待生效","matchType":"OAID-MD5"}}
2026-07-20 02:56:54,262 [141] ERROR Ad.Web.BackgroudService.MktAudienceFileService - wifi文件 查询人群包状态失败: statusResult={"code":0,"message":"","data":{"crowdId":10023341,"crowdStatus":1,"msg":"待生效","matchType":"OAID-MD5"}}
2026-07-20 02:56:54,290 [141] ERROR Ad.Web.BackgroudService.MktAudienceFileService - wifi文件 查询人群包状态失败: statusResult={"code":0,"message":"","data":{"crowdId":10023342,"crowdStatus":1,"msg":"待生效","matchType":"OAID-MD5"}}
2026-07-20 02:56:54,313 [141] ERROR Ad.Web.BackgroudService.MktAudienceFileService - wifi文件 查询人群包状态失败: statusResult={"code":0,"message":"","data":{"crowdId":10023343,"crowdStatus":1,"msg":"待生效","matchType":"OAID-MD5"}}
2026-07-20 02:56:54,337 [141] ERROR Ad.Web.BackgroudService.MktAudienceFileService - wifi文件 查询人群包状态失败: statusResult={"code":0,"message":"","data":{"crowdId":10023344,"crowdStatus":1,"msg":"待生效","matchType":"OAID-MD5"}}
2026-07-20 02:56:54,360 [141] ERROR Ad.Web.BackgroudService.MktAudienceFileService - wifi文件 查询人群包状态失败: statusResult={"code":0,"message":"","data":{"crowdId":10023345,"crowdStatus":1,"msg":"待生效","matchType":"OAID-MD5"}}
2026-07-20 02:56:54,383 [141] ERROR Ad.Web.BackgroudService.MktAudienceFileService - wifi文件 查询人群包状态失败: statusResult={"code":0,"message":"","data":{"crowdId":10023346,"crowdStatus":1,"msg":"待生效","matchType":"OAID-MD5"}}
2026-07-20 02:56:54,407 [142] ERROR Ad.Web.BackgroudService.MktAudienceFileService - wifi文件 查询人群包状态失败: statusResult={"code":0,"message":"","data":{"crowdId":10023347,"crowdStatus":1,"msg":"待生效","matchType":"OAID-MD5"}}
2026-07-20 02:56:54,430 [142] ERROR Ad.Web.BackgroudService.MktAudienceFileService - wifi文件 查询人群包状态失败: statusResult={"code":0,"message":"","data":{"crowdId":10023348,"crowdStatus":1,"msg":"待生效","matchType":"OAID-MD5"}}
2026-07-20 02:56:54,454 [142] ERROR Ad.Web.BackgroudService.MktAudienceFileService - wifi文件 查询人群包状态失败: statusResult={"code":0,"message":"","data":{"crowdId":10023349,"crowdStatus":1,"msg":"待生效","matchType":"OAID-MD5"}}
2026-07-20 02:56:54,477 [142] ERROR Ad.Web.BackgroudService.MktAudienceFileService - wifi文件 查询人群包状态失败: statusResult={"code":0,"message":"","data":{"crowdId":10023350,"crowdStatus":1,"msg":"待生效","matchType":"OAID-MD5"}}
2026-07-20 02:56:54,501 [142] ERROR Ad.Web.BackgroudService.MktAudienceFileService - wifi文件 查询人群包状态失败: statusResult={"code":0,"message":"","data":{"crowdId":10023435,"crowdStatus":5,"msg":"待生效","matchType":"OAID-MD5"}}
2026-07-20 03:06:52,616 [176] ERROR Ad.Web.BackgroudService.MktAudienceFileService - huawei文件 查询人群包状态失败: result={"code":200,"message":"Success","value":{"dmpID":"1953077773933364096","audiences":[{"id":"866959","name":[{"language":"zh","country":null,"value":"闲鱼点击人群_20260525_bucket0"}],"description":[],"scale":832499,"status":0,"adsAudienceId":"1779707070601","updateTime":"2026-07-20 02:17:22","coverageCountReal":"462267"}]}}
2026-07-20 03:06:53,063 [176] ERROR Ad.Web.BackgroudService.MktAudienceFileService - huawei文件 查询人群包状态失败: result={"code":200,"message":"Success","value":{"dmpID":"1953077773933364096","audiences":[{"id":"203265","name":[{"language":"zh","country":null,"value":"闲鱼定向包_20260528_bucket0"}],"description":[],"scale":423523,"status":1,"adsAudienceId":"1779951406791","updateTime":"2026-07-19 18:14:06","coverageCountReal":"42567700"}]}}
2026-07-20 03:06:53,471 [176] ERROR Ad.Web.BackgroudService.MktAudienceFileService - huawei文件 查询人群包状态失败: result={"code":200,"message":"Success","value":{"dmpID":"1953077773933364096","audiences":[{"id":"866959","name":[{"language":"zh","country":null,"value":"闲鱼点击人群_20260525_bucket0"}],"description":[],"scale":832499,"status":0,"adsAudienceId":"1779707070601","updateTime":"2026-07-20 02:17:22","coverageCountReal":"462267"}]}}
2026-07-20 03:06:53,529 [176] ERROR Ad.Web.BackgroudService.MktAudienceFileService - wifi文件 查询人群包状态失败: statusResult={"code":0,"message":"","data":{"crowdId":10023395,"crowdStatus":2,"msg":"待生效","matchType":"OAID-MD5"}}
2026-07-20 03:06:53,539 [176] ERROR Ad.Web.BackgroudService.MktAudienceFileService - wifi文件 查询人群包状态失败: statusResult={"code":0,"message":"","data":{"crowdId":10023331,"crowdStatus":2,"msg":"待生效","matchType":"OAID-MD5"}}
2026-07-20 03:06:53,614 [176] ERROR Ad.Web.BackgroudService.MktAudienceFileService - wifi文件 查询人群包状态失败: statusResult={"code":0,"message":"","data":{"crowdId":10023331,"crowdStatus":2,"msg":"待生效","matchType":"OAID-MD5"}}
2026-07-20 03:06:53,638 [176] ERROR Ad.Web.BackgroudService.MktAudienceFileService - wifi文件 查询人群包状态失败: statusResult={"code":0,"message":"","data":{"crowdId":10023395,"crowdStatus":2,"msg":"待生效","matchType":"OAID-MD5"}}
2026-07-20 03:06:53,661 [176] ERROR Ad.Web.BackgroudService.MktAudienceFileService - wifi文件 查询人群包状态失败: statusResult={"code":0,"message":"","data":{"crowdId":10023337,"crowdStatus":1,"msg":"待生效","matchType":"OAID-MD5"}}
2026-07-20 03:06:53,685 [176] ERROR Ad.Web.BackgroudService.MktAudienceFileService - wifi文件 查询人群包状态失败: statusResult={"code":0,"message":"","data":{"crowdId":10023338,"crowdStatus":1,"msg":"待生效","matchType":"OAID-MD5"}}
2026-07-20 03:06:53,708 [176] ERROR Ad.Web.BackgroudService.MktAudienceFileService - wifi文件 查询人群包状态失败: statusResult={"code":0,"message":"","data":{"crowdId":10023339,"crowdStatus":1,"msg":"待生效","matchType":"OAID-MD5"}}
2026-07-20 03:06:53,731 [176] ERROR Ad.Web.BackgroudService.MktAudienceFileService - wifi文件 查询人群包状态失败: statusResult={"code":0,"message":"","data":{"crowdId":10023340,"crowdStatus":1,"msg":"待生效","matchType":"OAID-MD5"}}
2026-07-20 03:06:53,754 [176] ERROR Ad.Web.BackgroudService.MktAudienceFileService - wifi文件 查询人群包状态失败: statusResult={"code":0,"message":"","data":{"crowdId":10023341,"crowdStatus":1,"msg":"待生效","matchType":"OAID-MD5"}}
2026-07-20 03:06:53,779 [176] ERROR Ad.Web.BackgroudService.MktAudienceFileService - wifi文件 查询人群包状态失败: statusResult={"code":0,"message":"","data":{"crowdId":10023342,"crowdStatus":1,"msg":"待生效","matchType":"OAID-MD5"}}
2026-07-20 03:06:53,802 [176] ERROR Ad.Web.BackgroudService.MktAudienceFileService - wifi文件 查询人群包状态失败: statusResult={"code":0,"message":"","data":{"crowdId":10023343,"crowdStatus":1,"msg":"待生效","matchType":"OAID-MD5"}}
2026-07-20 03:06:53,825 [176] ERROR Ad.Web.BackgroudService.MktAudienceFileService - wifi文件 查询人群包状态失败: statusResult={"code":0,"message":"","data":{"crowdId":10023344,"crowdStatus":1,"msg":"待生效","matchType":"OAID-MD5"}}
2026-07-20 03:06:53,848 [176] ERROR Ad.Web.BackgroudService.MktAudienceFileService - wifi文件 查询人群包状态失败: statusResult={"code":0,"message":"","data":{"crowdId":10023345,"crowdStatus":1,"msg":"待生效","matchType":"OAID-MD5"}}
2026-07-20 03:06:53,871 [176] ERROR Ad.Web.BackgroudService.MktAudienceFileService - wifi文件 查询人群包状态失败: statusResult={"code":0,"message":"","data":{"crowdId":10023346,"crowdStatus":1,"msg":"待生效","matchType":"OAID-MD5"}}
2026-07-20 03:06:53,895 [176] ERROR Ad.Web.BackgroudService.MktAudienceFileService - wifi文件 查询人群包状态失败: statusResult={"code":0,"message":"","data":{"crowdId":10023347,"crowdStatus":1,"msg":"待生效","matchType":"OAID-MD5"}}
2026-07-20 03:06:53,918 [176] ERROR Ad.Web.BackgroudService.MktAudienceFileService - wifi文件 查询人群包状态失败: statusResult={"code":0,"message":"","data":{"crowdId":10023348,"crowdStatus":1,"msg":"待生效","matchType":"OAID-MD5"}}
2026-07-20 03:06:53,941 [176] ERROR Ad.Web.BackgroudService.MktAudienceFileService - wifi文件 查询人群包状态失败: statusResult={"code":0,"message":"","data":{"crowdId":10023349,"crowdStatus":1,"msg":"待生效","matchType":"OAID-MD5"}}
2026-07-20 03:06:53,964 [176] ERROR Ad.Web.BackgroudService.MktAudienceFileService - wifi文件 查询人群包状态失败: statusResult={"code":0,"message":"","data":{"crowdId":10023350,"crowdStatus":1,"msg":"待生效","matchType":"OAID-MD5"}}
2026-07-20 03:06:53,987 [176] ERROR Ad.Web.BackgroudService.MktAudienceFileService - wifi文件 查询人群包状态失败: statusResult={"code":0,"message":"","data":{"crowdId":10023435,"crowdStatus":5,"msg":"待生效","matchType":"OAID-MD5"}}
2026-07-20 03:16:50,732 [92] ERROR Ad.Web.BackgroudService.MktDownloadService - FtpGetFileSize ex.msg:The remote server returned an error: (550) File unavailable (e.g., file not found, no access).
2026-07-20 03:16:53,062 [106] ERROR Ad.Web.BackgroudService.MktAudienceFileService - huawei文件 查询人群包状态失败: result={"code":200,"message":"Success","value":{"dmpID":"1953077773933364096","audiences":[{"id":"866959","name":[{"language":"zh","country":null,"value":"闲鱼点击人群_20260525_bucket0"}],"description":[],"scale":832499,"status":0,"adsAudienceId":"1779707070601","updateTime":"2026-07-20 02:17:22","coverageCountReal":"462267"}]}}
2026-07-20 03:16:53,501 [44] ERROR Ad.Web.BackgroudService.MktAudienceFileService - huawei文件 查询人群包状态失败: result={"code":200,"message":"Success","value":{"dmpID":"1953077773933364096","audiences":[{"id":"203265","name":[{"language":"zh","country":null,"value":"闲鱼定向包_20260528_bucket0"}],"description":[],"scale":423523,"status":1,"adsAudienceId":"1779951406791","updateTime":"2026-07-19 18:14:06","coverageCountReal":"42567700"}]}}
2026-07-20 03:16:53,889 [44] ERROR Ad.Web.BackgroudService.MktAudienceFileService - huawei文件 查询人群包状态失败: result={"code":200,"message":"Success","value":{"dmpID":"1953077773933364096","audiences":[{"id":"866959","name":[{"language":"zh","country":null,"value":"闲鱼点击人群_20260525_bucket0"}],"description":[],"scale":832499,"status":0,"adsAudienceId":"1779707070601","updateTime":"2026-07-20 02:17:22","coverageCountReal":"462267"}]}}
2026-07-20 03:16:54,004 [44] ERROR Ad.Web.BackgroudService.MktAudienceFileService - wifi文件 查询人群包状态失败: statusResult={"code":0,"message":"","data":{"crowdId":10023395,"crowdStatus":2,"msg":"待生效","matchType":"OAID-MD5"}}
2026-07-20 03:16:54,014 [44] ERROR Ad.Web.BackgroudService.MktAudienceFileService - wifi文件 查询人群包状态失败: statusResult={"code":0,"message":"","data":{"crowdId":10023331,"crowdStatus":2,"msg":"待生效","matchType":"OAID-MD5"}}
2026-07-20 03:16:54,094 [38] ERROR Ad.Web.BackgroudService.MktAudienceFileService - wifi文件 查询人群包状态失败: statusResult={"code":0,"message":"","data":{"crowdId":10023331,"crowdStatus":2,"msg":"待生效","matchType":"OAID-MD5"}}
2026-07-20 03:16:54,118 [44] ERROR Ad.Web.BackgroudService.MktAudienceFileService - wifi文件 查询人群包状态失败: statusResult={"code":0,"message":"","data":{"crowdId":10023395,"crowdStatus":2,"msg":"待生效","matchType":"OAID-MD5"}}
2026-07-20 03:16:54,144 [44] ERROR Ad.Web.BackgroudService.MktAudienceFileService - wifi文件 查询人群包状态失败: statusResult={"code":0,"message":"","data":{"crowdId":10023337,"crowdStatus":1,"msg":"待生效","matchType":"OAID-MD5"}}
2026-07-20 03:16:54,167 [106] ERROR Ad.Web.BackgroudService.MktAudienceFileService - wifi文件 查询人群包状态失败: statusResult={"code":0,"message":"","data":{"crowdId":10023338,"crowdStatus":1,"msg":"待生效","matchType":"OAID-MD5"}}
2026-07-20 03:16:54,191 [38] ERROR Ad.Web.BackgroudService.MktAudienceFileService - wifi文件 查询人群包状态失败: statusResult={"code":0,"message":"","data":{"crowdId":10023339,"crowdStatus":1,"msg":"待生效","matchType":"OAID-MD5"}}
2026-07-20 03:16:54,214 [38] ERROR Ad.Web.BackgroudService.MktAudienceFileService - wifi文件 查询人群包状态失败: statusResult={"code":0,"message":"","data":{"crowdId":10023340,"crowdStatus":1,"msg":"待生效","matchType":"OAID-MD5"}}
2026-07-20 03:16:54,237 [44] ERROR Ad.Web.BackgroudService.MktAudienceFileService - wifi文件 查询人群包状态失败: statusResult={"code":0,"message":"","data":{"crowdId":10023341,"crowdStatus":1,"msg":"待生效","matchType":"OAID-MD5"}}
2026-07-20 03:16:54,260 [38] ERROR Ad.Web.BackgroudService.MktAudienceFileService - wifi文件 查询人群包状态失败: statusResult={"code":0,"message":"","data":{"crowdId":10023342,"crowdStatus":1,"msg":"待生效","matchType":"OAID-MD5"}}
2026-07-20 03:16:54,283 [44] ERROR Ad.Web.BackgroudService.MktAudienceFileService - wifi文件 查询人群包状态失败: statusResult={"code":0,"message":"","data":{"crowdId":10023343,"crowdStatus":1,"msg":"待生效","matchType":"OAID-MD5"}}
2026-07-20 03:16:54,468 [44] ERROR Ad.Web.BackgroudService.MktAudienceFileService - wifi文件 查询人群包状态失败: statusResult={"code":0,"message":"","data":{"crowdId":10023344,"crowdStatus":1,"msg":"待生效","matchType":"OAID-MD5"}}
2026-07-20 03:16:54,491 [44] ERROR Ad.Web.BackgroudService.MktAudienceFileService - wifi文件 查询人群包状态失败: statusResult={"code":0,"message":"","data":{"crowdId":10023345,"crowdStatus":1,"msg":"待生效","matchType":"OAID-MD5"}}
2026-07-20 03:16:54,514 [44] ERROR Ad.Web.BackgroudService.MktAudienceFileService - wifi文件 查询人群包状态失败: statusResult={"code":0,"message":"","data":{"crowdId":10023346,"crowdStatus":1,"msg":"待生效","matchType":"OAID-MD5"}}
2026-07-20 03:16:54,536 [44] ERROR Ad.Web.BackgroudService.MktAudienceFileService - wifi文件 查询人群包状态失败: statusResult={"code":0,"message":"","data":{"crowdId":10023347,"crowdStatus":1,"msg":"待生效","matchType":"OAID-MD5"}}
2026-07-20 03:16:54,560 [44] ERROR Ad.Web.BackgroudService.MktAudienceFileService - wifi文件 查询人群包状态失败: statusResult={"code":0,"message":"","data":{"crowdId":10023348,"crowdStatus":1,"msg":"待生效","matchType":"OAID-MD5"}}
2026-07-20 03:16:54,583 [44] ERROR Ad.Web.BackgroudService.MktAudienceFileService - wifi文件 查询人群包状态失败: statusResult={"code":0,"message":"","data":{"crowdId":10023349,"crowdStatus":1,"msg":"待生效","matchType":"OAID-MD5"}}
2026-07-20 03:16:54,605 [44] ERROR Ad.Web.BackgroudService.MktAudienceFileService - wifi文件 查询人群包状态失败: statusResult={"code":0,"message":"","data":{"crowdId":10023350,"crowdStatus":1,"msg":"待生效","matchType":"OAID-MD5"}}
2026-07-20 03:16:54,628 [44] ERROR Ad.Web.BackgroudService.MktAudienceFileService - wifi文件 查询人群包状态失败: statusResult={"code":0,"message":"","data":{"crowdId":10023435,"crowdStatus":5,"msg":"待生效","matchType":"OAID-MD5"}}
2026-07-20 03:26:52,569 [210] ERROR Ad.Web.BackgroudService.MktAudienceFileService - huawei文件 查询人群包状态失败: result={"code":200,"message":"Success","value":{"dmpID":"1953077773933364096","audiences":[{"id":"866959","name":[{"language":"zh","country":null,"value":"闲鱼点击人群_20260525_bucket0"}],"description":[],"scale":832499,"status":0,"adsAudienceId":"1779707070601","updateTime":"2026-07-20 02:17:22","coverageCountReal":"462267"}]}}
2026-07-20 03:26:53,005 [210] ERROR Ad.Web.BackgroudService.MktAudienceFileService - huawei文件 查询人群包状态失败: result={"code":200,"message":"Success","value":{"dmpID":"1953077773933364096","audiences":[{"id":"203265","name":[{"language":"zh","country":null,"value":"闲鱼定向包_20260528_bucket0"}],"description":[],"scale":423523,"status":1,"adsAudienceId":"1779951406791","updateTime":"2026-07-19 18:14:06","coverageCountReal":"42567700"}]}}
2026-07-20 03:26:53,454 [210] ERROR Ad.Web.BackgroudService.MktAudienceFileService - huawei文件 查询人群包状态失败: result={"code":200,"message":"Success","value":{"dmpID":"1953077773933364096","audiences":[{"id":"866959","name":[{"language":"zh","country":null,"value":"闲鱼点击人群_20260525_bucket0"}],"description":[],"scale":832499,"status":0,"adsAudienceId":"1779707070601","updateTime":"2026-07-20 02:17:22","coverageCountReal":"462267"}]}}
2026-07-20 03:26:53,515 [203] ERROR Ad.Web.BackgroudService.MktAudienceFileService - wifi文件 查询人群包状态失败: statusResult={"code":0,"message":"","data":{"crowdId":10023395,"crowdStatus":2,"msg":"待生效","matchType":"OAID-MD5"}}
2026-07-20 03:26:53,524 [203] ERROR Ad.Web.BackgroudService.MktAudienceFileService - wifi文件 查询人群包状态失败: statusResult={"code":0,"message":"","data":{"crowdId":10023331,"crowdStatus":2,"msg":"待生效","matchType":"OAID-MD5"}}
2026-07-20 03:26:53,599 [203] ERROR Ad.Web.BackgroudService.MktAudienceFileService - wifi文件 查询人群包状态失败: statusResult={"code":0,"message":"","data":{"crowdId":10023331,"crowdStatus":2,"msg":"待生效","matchType":"OAID-MD5"}}
2026-07-20 03:26:53,624 [203] ERROR Ad.Web.BackgroudService.MktAudienceFileService - wifi文件 查询人群包状态失败: statusResult={"code":0,"message":"","data":{"crowdId":10023395,"crowdStatus":2,"msg":"待生效","matchType":"OAID-MD5"}}
2026-07-20 03:26:53,648 [203] ERROR Ad.Web.BackgroudService.MktAudienceFileService - wifi文件 查询人群包状态失败: statusResult={"code":0,"message":"","data":{"crowdId":10023337,"crowdStatus":1,"msg":"待生效","matchType":"OAID-MD5"}}
2026-07-20 03:26:53,671 [203] ERROR Ad.Web.BackgroudService.MktAudienceFileService - wifi文件 查询人群包状态失败: statusResult={"code":0,"message":"","data":{"crowdId":10023338,"crowdStatus":1,"msg":"待生效","matchType":"OAID-MD5"}}
2026-07-20 03:26:53,695 [203] ERROR Ad.Web.BackgroudService.MktAudienceFileService - wifi文件 查询人群包状态失败: statusResult={"code":0,"message":"","data":{"crowdId":10023339,"crowdStatus":1,"msg":"待生效","matchType":"OAID-MD5"}}
2026-07-20 03:26:53,730 [203] ERROR Ad.Web.BackgroudService.MktAudienceFileService - wifi文件 查询人群包状态失败: statusResult={"code":0,"message":"","data":{"crowdId":10023340,"crowdStatus":1,"msg":"待生效","matchType":"OAID-MD5"}}
2026-07-20 03:26:53,757 [203] ERROR Ad.Web.BackgroudService.MktAudienceFileService - wifi文件 查询人群包状态失败: statusResult={"code":0,"message":"","data":{"crowdId":10023341,"crowdStatus":1,"msg":"待生效","matchType":"OAID-MD5"}}
2026-07-20 03:26:53,780 [203] ERROR Ad.Web.BackgroudService.MktAudienceFileService - wifi文件 查询人群包状态失败: statusResult={"code":0,"message":"","data":{"crowdId":10023342,"crowdStatus":1,"msg":"待生效","matchType":"OAID-MD5"}}
2026-07-20 03:26:53,803 [203] ERROR Ad.Web.BackgroudService.MktAudienceFileService - wifi文件 查询人群包状态失败: statusResult={"code":0,"message":"","data":{"crowdId":10023343,"crowdStatus":1,"msg":"待生效","matchType":"OAID-MD5"}}
2026-07-20 03:26:53,826 [203] ERROR Ad.Web.BackgroudService.MktAudienceFileService - wifi文件 查询人群包状态失败: statusResult={"code":0,"message":"","data":{"crowdId":10023344,"crowdStatus":1,"msg":"待生效","matchType":"OAID-MD5"}}
2026-07-20 03:26:53,850 [203] ERROR Ad.Web.BackgroudService.MktAudienceFileService - wifi文件 查询人群包状态失败: statusResult={"code":0,"message":"","data":{"crowdId":10023345,"crowdStatus":1,"msg":"待生效","matchType":"OAID-MD5"}}
2026-07-20 03:26:53,872 [203] ERROR Ad.Web.BackgroudService.MktAudienceFileService - wifi文件 查询人群包状态失败: statusResult={"code":0,"message":"","data":{"crowdId":10023346,"crowdStatus":1,"msg":"待生效","matchType":"OAID-MD5"}}
2026-07-20 03:26:53,895 [203] ERROR Ad.Web.BackgroudService.MktAudienceFileService - wifi文件 查询人群包状态失败: statusResult={"code":0,"message":"","data":{"crowdId":10023347,"crowdStatus":1,"msg":"待生效","matchType":"OAID-MD5"}}
2026-07-20 03:26:53,918 [203] ERROR Ad.Web.BackgroudService.MktAudienceFileService - wifi文件 查询人群包状态失败: statusResult={"code":0,"message":"","data":{"crowdId":10023348,"crowdStatus":1,"msg":"待生效","matchType":"OAID-MD5"}}
2026-07-20 03:26:53,941 [203] ERROR Ad.Web.BackgroudService.MktAudienceFileService - wifi文件 查询人群包状态失败: statusResult={"code":0,"message":"","data":{"crowdId":10023349,"crowdStatus":1,"msg":"待生效","matchType":"OAID-MD5"}}
2026-07-20 03:26:53,964 [203] ERROR Ad.Web.BackgroudService.MktAudienceFileService - wifi文件 查询人群包状态失败: statusResult={"code":0,"message":"","data":{"crowdId":10023350,"crowdStatus":1,"msg":"待生效","matchType":"OAID-MD5"}}
2026-07-20 03:26:53,987 [203] ERROR Ad.Web.BackgroudService.MktAudienceFileService - wifi文件 查询人群包状态失败: statusResult={"code":0,"message":"","data":{"crowdId":10023435,"crowdStatus":5,"msg":"待生效","matchType":"OAID-MD5"}}
2026-07-20 03:36:52,527 [98] ERROR Ad.Web.BackgroudService.MktAudienceFileService - huawei文件 查询人群包状态失败: result={"code":200,"message":"Success","value":{"dmpID":"1953077773933364096","audiences":[{"id":"866959","name":[{"language":"zh","country":null,"value":"闲鱼点击人群_20260525_bucket0"}],"description":[],"scale":832499,"status":0,"adsAudienceId":"1779707070601","updateTime":"2026-07-20 02:17:22","coverageCountReal":"462267"}]}}
2026-07-20 03:36:53,210 [98] ERROR Ad.Web.BackgroudService.MktAudienceFileService - huawei文件 查询人群包状态失败: result={"code":200,"message":"Success","value":{"dmpID":"1953077773933364096","audiences":[{"id":"203265","name":[{"language":"zh","country":null,"value":"闲鱼定向包_20260528_bucket0"}],"description":[],"scale":423523,"status":1,"adsAudienceId":"1779951406791","updateTime":"2026-07-19 18:14:06","coverageCountReal":"42567700"}]}}
2026-07-20 03:36:53,710 [98] ERROR Ad.Web.BackgroudService.MktAudienceFileService - huawei文件 查询人群包状态失败: result={"code":200,"message":"Success","value":{"dmpID":"1953077773933364096","audiences":[{"id":"866959","name":[{"language":"zh","country":null,"value":"闲鱼点击人群_20260525_bucket0"}],"description":[],"scale":832499,"status":0,"adsAudienceId":"1779707070601","updateTime":"2026-07-20 02:17:22","coverageCountReal":"462267"}]}}
2026-07-20 03:36:53,783 [40] ERROR Ad.Web.BackgroudService.MktAudienceFileService - wifi文件 查询人群包状态失败: statusResult={"code":0,"message":"","data":{"crowdId":10023395,"crowdStatus":2,"msg":"待生效","matchType":"OAID-MD5"}}
2026-07-20 03:36:53,793 [40] ERROR Ad.Web.BackgroudService.MktAudienceFileService - wifi文件 查询人群包状态失败: statusResult={"code":0,"message":"","data":{"crowdId":10023331,"crowdStatus":2,"msg":"待生效","matchType":"OAID-MD5"}}
2026-07-20 03:36:53,867 [40] ERROR Ad.Web.BackgroudService.MktAudienceFileService - wifi文件 查询人群包状态失败: statusResult={"code":0,"message":"","data":{"crowdId":10023331,"crowdStatus":2,"msg":"待生效","matchType":"OAID-MD5"}}
2026-07-20 03:36:53,891 [40] ERROR Ad.Web.BackgroudService.MktAudienceFileService - wifi文件 查询人群包状态失败: statusResult={"code":0,"message":"","data":{"crowdId":10023395,"crowdStatus":2,"msg":"待生效","matchType":"OAID-MD5"}}
2026-07-20 03:36:53,915 [40] ERROR Ad.Web.BackgroudService.MktAudienceFileService - wifi文件 查询人群包状态失败: statusResult={"code":0,"message":"","data":{"crowdId":10023337,"crowdStatus":1,"msg":"待生效","matchType":"OAID-MD5"}}
2026-07-20 03:36:53,939 [40] ERROR Ad.Web.BackgroudService.MktAudienceFileService - wifi文件 查询人群包状态失败: statusResult={"code":0,"message":"","data":{"crowdId":10023338,"crowdStatus":1,"msg":"待生效","matchType":"OAID-MD5"}}
2026-07-20 03:36:53,962 [40] ERROR Ad.Web.BackgroudService.MktAudienceFileService - wifi文件 查询人群包状态失败: statusResult={"code":0,"message":"","data":{"crowdId":10023339,"crowdStatus":1,"msg":"待生效","matchType":"OAID-MD5"}}
2026-07-20 03:36:53,985 [40] ERROR Ad.Web.BackgroudService.MktAudienceFileService - wifi文件 查询人群包状态失败: statusResult={"code":0,"message":"","data":{"crowdId":10023340,"crowdStatus":1,"msg":"待生效","matchType":"OAID-MD5"}}
2026-07-20 03:36:54,008 [40] ERROR Ad.Web.BackgroudService.MktAudienceFileService - wifi文件 查询人群包状态失败: statusResult={"code":0,"message":"","data":{"crowdId":10023341,"crowdStatus":1,"msg":"待生效","matchType":"OAID-MD5"}}
2026-07-20 03:36:54,032 [40] ERROR Ad.Web.BackgroudService.MktAudienceFileService - wifi文件 查询人群包状态失败: statusResult={"code":0,"message":"","data":{"crowdId":10023342,"crowdStatus":1,"msg":"待生效","matchType":"OAID-MD5"}}
2026-07-20 03:36:54,055 [40] ERROR Ad.Web.BackgroudService.MktAudienceFileService - wifi文件 查询人群包状态失败: statusResult={"code":0,"message":"","data":{"crowdId":10023343,"crowdStatus":1,"msg":"待生效","matchType":"OAID-MD5"}}
2026-07-20 03:36:54,078 [40] ERROR Ad.Web.BackgroudService.MktAudienceFileService - wifi文件 查询人群包状态失败: statusResult={"code":0,"message":"","data":{"crowdId":10023344,"crowdStatus":1,"msg":"待生效","matchType":"OAID-MD5"}}
2026-07-20 03:36:54,100 [40] ERROR Ad.Web.BackgroudService.MktAudienceFileService - wifi文件 查询人群包状态失败: statusResult={"code":0,"message":"","data":{"crowdId":10023345,"crowdStatus":1,"msg":"待生效","matchType":"OAID-MD5"}}
2026-07-20 03:36:54,124 [40] ERROR Ad.Web.BackgroudService.MktAudienceFileService - wifi文件 查询人群包状态失败: statusResult={"code":0,"message":"","data":{"crowdId":10023346,"crowdStatus":1,"msg":"待生效","matchType":"OAID-MD5"}}
2026-07-20 03:36:54,147 [40] ERROR Ad.Web.BackgroudService.MktAudienceFileService - wifi文件 查询人群包状态失败: statusResult={"code":0,"message":"","data":{"crowdId":10023347,"crowdStatus":1,"msg":"待生效","matchType":"OAID-MD5"}}
2026-07-20 03:36:54,170 [40] ERROR Ad.Web.BackgroudService.MktAudienceFileService - wifi文件 查询人群包状态失败: statusResult={"code":0,"message":"","data":{"crowdId":10023348,"crowdStatus":1,"msg":"待生效","matchType":"OAID-MD5"}}
2026-07-20 03:36:54,193 [40] ERROR Ad.Web.BackgroudService.MktAudienceFileService - wifi文件 查询人群包状态失败: statusResult={"code":0,"message":"","data":{"crowdId":10023349,"crowdStatus":1,"msg":"待生效","matchType":"OAID-MD5"}}
2026-07-20 03:36:54,217 [40] ERROR Ad.Web.BackgroudService.MktAudienceFileService - wifi文件 查询人群包状态失败: statusResult={"code":0,"message":"","data":{"crowdId":10023350,"crowdStatus":1,"msg":"待生效","matchType":"OAID-MD5"}}
2026-07-20 03:36:54,239 [40] ERROR Ad.Web.BackgroudService.MktAudienceFileService - wifi文件 查询人群包状态失败: statusResult={"code":0,"message":"","data":{"crowdId":10023435,"crowdStatus":5,"msg":"待生效","matchType":"OAID-MD5"}}
2026-07-20 03:46:50,707 [170] ERROR Ad.Web.BackgroudService.MktDownloadService - FtpGetFileSize ex.msg:The remote server returned an error: (550) File unavailable (e.g., file not found, no access).
2026-07-20 03:46:52,720 [168] ERROR Ad.Web.BackgroudService.MktAudienceFileService - huawei文件 查询人群包状态失败: result={"code":200,"message":"Success","value":{"dmpID":"1953077773933364096","audiences":[{"id":"866959","name":[{"language":"zh","country":null,"value":"闲鱼点击人群_20260525_bucket0"}],"description":[],"scale":832499,"status":0,"adsAudienceId":"1779707070601","updateTime":"2026-07-20 02:17:22","coverageCountReal":"462267"}]}}
2026-07-20 03:46:53,161 [167] ERROR Ad.Web.BackgroudService.MktAudienceFileService - huawei文件 查询人群包状态失败: result={"code":200,"message":"Success","value":{"dmpID":"1953077773933364096","audiences":[{"id":"203265","name":[{"language":"zh","country":null,"value":"闲鱼定向包_20260528_bucket0"}],"description":[],"scale":423523,"status":1,"adsAudienceId":"1779951406791","updateTime":"2026-07-19 18:14:06","coverageCountReal":"42567700"}]}}
2026-07-20 03:46:53,627 [167] ERROR Ad.Web.BackgroudService.MktAudienceFileService - huawei文件 查询人群包状态失败: result={"code":200,"message":"Success","value":{"dmpID":"1953077773933364096","audiences":[{"id":"866959","name":[{"language":"zh","country":null,"value":"闲鱼点击人群_20260525_bucket0"}],"description":[],"scale":832499,"status":0,"adsAudienceId":"1779707070601","updateTime":"2026-07-20 02:17:22","coverageCountReal":"462267"}]}}
2026-07-20 03:46:53,687 [170] ERROR Ad.Web.BackgroudService.MktAudienceFileService - wifi文件 查询人群包状态失败: statusResult={"code":0,"message":"","data":{"crowdId":10023395,"crowdStatus":2,"msg":"待生效","matchType":"OAID-MD5"}}
2026-07-20 03:46:53,696 [170] ERROR Ad.Web.BackgroudService.MktAudienceFileService - wifi文件 查询人群包状态失败: statusResult={"code":0,"message":"","data":{"crowdId":10023331,"crowdStatus":2,"msg":"待生效","matchType":"OAID-MD5"}}
2026-07-20 03:46:53,776 [167] ERROR Ad.Web.BackgroudService.MktAudienceFileService - wifi文件 查询人群包状态失败: statusResult={"code":0,"message":"","data":{"crowdId":10023331,"crowdStatus":2,"msg":"待生效","matchType":"OAID-MD5"}}
2026-07-20 03:46:53,800 [167] ERROR Ad.Web.BackgroudService.MktAudienceFileService - wifi文件 查询人群包状态失败: statusResult={"code":0,"message":"","data":{"crowdId":10023395,"crowdStatus":2,"msg":"待生效","matchType":"OAID-MD5"}}
2026-07-20 03:46:53,824 [167] ERROR Ad.Web.BackgroudService.MktAudienceFileService - wifi文件 查询人群包状态失败: statusResult={"code":0,"message":"","data":{"crowdId":10023337,"crowdStatus":1,"msg":"待生效","matchType":"OAID-MD5"}}
2026-07-20 03:46:53,848 [168] ERROR Ad.Web.BackgroudService.MktAudienceFileService - wifi文件 查询人群包状态失败: statusResult={"code":0,"message":"","data":{"crowdId":10023338,"crowdStatus":1,"msg":"待生效","matchType":"OAID-MD5"}}
2026-07-20 03:46:53,871 [170] ERROR Ad.Web.BackgroudService.MktAudienceFileService - wifi文件 查询人群包状态失败: statusResult={"code":0,"message":"","data":{"crowdId":10023339,"crowdStatus":1,"msg":"待生效","matchType":"OAID-MD5"}}
2026-07-20 03:46:53,894 [168] ERROR Ad.Web.BackgroudService.MktAudienceFileService - wifi文件 查询人群包状态失败: statusResult={"code":0,"message":"","data":{"crowdId":10023340,"crowdStatus":1,"msg":"待生效","matchType":"OAID-MD5"}}
2026-07-20 03:46:53,918 [168] ERROR Ad.Web.BackgroudService.MktAudienceFileService - wifi文件 查询人群包状态失败: statusResult={"code":0,"message":"","data":{"crowdId":10023341,"crowdStatus":1,"msg":"待生效","matchType":"OAID-MD5"}}
2026-07-20 03:46:53,941 [170] ERROR Ad.Web.BackgroudService.MktAudienceFileService - wifi文件 查询人群包状态失败: statusResult={"code":0,"message":"","data":{"crowdId":10023342,"crowdStatus":1,"msg":"待生效","matchType":"OAID-MD5"}}
2026-07-20 03:46:53,964 [168] ERROR Ad.Web.BackgroudService.MktAudienceFileService - wifi文件 查询人群包状态失败: statusResult={"code":0,"message":"","data":{"crowdId":10023343,"crowdStatus":1,"msg":"待生效","matchType":"OAID-MD5"}}
2026-07-20 03:46:53,987 [168] ERROR Ad.Web.BackgroudService.MktAudienceFileService - wifi文件 查询人群包状态失败: statusResult={"code":0,"message":"","data":{"crowdId":10023344,"crowdStatus":1,"msg":"待生效","matchType":"OAID-MD5"}}
2026-07-20 03:46:54,011 [168] ERROR Ad.Web.BackgroudService.MktAudienceFileService - wifi文件 查询人群包状态失败: statusResult={"code":0,"message":"","data":{"crowdId":10023345,"crowdStatus":1,"msg":"待生效","matchType":"OAID-MD5"}}
2026-07-20 03:46:54,034 [168] ERROR Ad.Web.BackgroudService.MktAudienceFileService - wifi文件 查询人群包状态失败: statusResult={"code":0,"message":"","data":{"crowdId":10023346,"crowdStatus":1,"msg":"待生效","matchType":"OAID-MD5"}}
2026-07-20 03:46:54,056 [168] ERROR Ad.Web.BackgroudService.MktAudienceFileService - wifi文件 查询人群包状态失败: statusResult={"code":0,"message":"","data":{"crowdId":10023347,"crowdStatus":1,"msg":"待生效","matchType":"OAID-MD5"}}
2026-07-20 03:46:54,079 [168] ERROR Ad.Web.BackgroudService.MktAudienceFileService - wifi文件 查询人群包状态失败: statusResult={"code":0,"message":"","data":{"crowdId":10023348,"crowdStatus":1,"msg":"待生效","matchType":"OAID-MD5"}}
2026-07-20 03:46:54,103 [172] ERROR Ad.Web.BackgroudService.MktAudienceFileService - wifi文件 查询人群包状态失败: statusResult={"code":0,"message":"","data":{"crowdId":10023349,"crowdStatus":1,"msg":"待生效","matchType":"OAID-MD5"}}
2026-07-20 03:46:54,126 [172] ERROR Ad.Web.BackgroudService.MktAudienceFileService - wifi文件 查询人群包状态失败: statusResult={"code":0,"message":"","data":{"crowdId":10023350,"crowdStatus":1,"msg":"待生效","matchType":"OAID-MD5"}}
2026-07-20 03:46:54,150 [172] ERROR Ad.Web.BackgroudService.MktAudienceFileService - wifi文件 查询人群包状态失败: statusResult={"code":0,"message":"","data":{"crowdId":10023435,"crowdStatus":5,"msg":"待生效","matchType":"OAID-MD5"}}
2026-07-20 03:56:53,302 [150] ERROR Ad.Web.BackgroudService.MktAudienceFileService - huawei文件 查询人群包状态失败: result={"code":200,"message":"Success","value":{"dmpID":"1953077773933364096","audiences":[{"id":"866959","name":[{"language":"zh","country":null,"value":"闲鱼点击人群_20260525_bucket0"}],"description":[],"scale":832499,"status":0,"adsAudienceId":"1779707070601","updateTime":"2026-07-20 02:17:22","coverageCountReal":"462267"}]}}
2026-07-20 03:56:53,759 [150] ERROR Ad.Web.BackgroudService.MktAudienceFileService - huawei文件 查询人群包状态失败: result={"code":200,"message":"Success","value":{"dmpID":"1953077773933364096","audiences":[{"id":"203265","name":[{"language":"zh","country":null,"value":"闲鱼定向包_20260528_bucket0"}],"description":[],"scale":423523,"status":1,"adsAudienceId":"1779951406791","updateTime":"2026-07-19 18:14:06","coverageCountReal":"42567700"}]}}
2026-07-20 03:56:54,225 [150] ERROR Ad.Web.BackgroudService.MktAudienceFileService - huawei文件 查询人群包状态失败: result={"code":200,"message":"Success","value":{"dmpID":"1953077773933364096","audiences":[{"id":"866959","name":[{"language":"zh","country":null,"value":"闲鱼点击人群_20260525_bucket0"}],"description":[],"scale":832499,"status":0,"adsAudienceId":"1779707070601","updateTime":"2026-07-20 02:17:22","coverageCountReal":"462267"}]}}
2026-07-20 03:56:54,368 [150] ERROR Ad.Web.BackgroudService.MktAudienceFileService - wifi文件 查询人群包状态失败: statusResult={"code":0,"message":"","data":{"crowdId":10023395,"crowdStatus":0,"msg":"待生效","matchType":"OAID-MD5"}}
2026-07-20 03:56:54,389 [150] ERROR Ad.Web.BackgroudService.MktAudienceFileService - wifi文件 查询人群包状态失败: statusResult={"code":0,"message":"","data":{"crowdId":10023331,"crowdStatus":0,"msg":"待生效","matchType":"OAID-MD5"}}
2026-07-20 03:56:54,505 [147] ERROR Ad.Web.BackgroudService.MktAudienceFileService - wifi文件 查询人群包状态失败: statusResult={"code":0,"message":"","data":{"crowdId":10023331,"crowdStatus":0,"msg":"待生效","matchType":"OAID-MD5"}}
2026-07-20 03:56:54,573 [147] ERROR Ad.Web.BackgroudService.MktAudienceFileService - wifi文件 查询人群包状态失败: statusResult={"code":0,"message":"","data":{"crowdId":10023395,"crowdStatus":0,"msg":"待生效","matchType":"OAID-MD5"}}
2026-07-20 03:56:54,598 [147] ERROR Ad.Web.BackgroudService.MktAudienceFileService - wifi文件 查询人群包状态失败: statusResult={"code":0,"message":"","data":{"crowdId":10023337,"crowdStatus":0,"msg":"待生效","matchType":"OAID-MD5"}}
2026-07-20 03:56:54,627 [147] ERROR Ad.Web.BackgroudService.MktAudienceFileService - wifi文件 查询人群包状态失败: statusResult={"code":0,"message":"","data":{"crowdId":10023338,"crowdStatus":0,"msg":"待生效","matchType":"OAID-MD5"}}
2026-07-20 03:56:54,707 [147] ERROR Ad.Web.BackgroudService.MktAudienceFileService - wifi文件 查询人群包状态失败: statusResult={"code":0,"message":"","data":{"crowdId":10023339,"crowdStatus":0,"msg":"待生效","matchType":"OAID-MD5"}}
2026-07-20 03:56:54,780 [147] ERROR Ad.Web.BackgroudService.MktAudienceFileService - wifi文件 查询人群包状态失败: statusResult={"code":0,"message":"","data":{"crowdId":10023340,"crowdStatus":0,"msg":"待生效","matchType":"OAID-MD5"}}
2026-07-20 03:56:54,824 [147] ERROR Ad.Web.BackgroudService.MktAudienceFileService - wifi文件 查询人群包状态失败: statusResult={"code":0,"message":"","data":{"crowdId":10023341,"crowdStatus":0,"msg":"待生效","matchType":"OAID-MD5"}}
2026-07-20 03:56:54,929 [147] ERROR Ad.Web.BackgroudService.MktAudienceFileService - wifi文件 查询人群包状态失败: statusResult={"code":0,"message":"","data":{"crowdId":10023342,"crowdStatus":0,"msg":"待生效","matchType":"OAID-MD5"}}
2026-07-20 03:56:55,040 [147] ERROR Ad.Web.BackgroudService.MktAudienceFileService - wifi文件 查询人群包状态失败: statusResult={"code":0,"message":"","data":{"crowdId":10023343,"crowdStatus":0,"msg":"待生效","matchType":"OAID-MD5"}}
2026-07-20 03:56:55,064 [147] ERROR Ad.Web.BackgroudService.MktAudienceFileService - wifi文件 查询人群包状态失败: statusResult={"code":0,"message":"","data":{"crowdId":10023344,"crowdStatus":0,"msg":"待生效","matchType":"OAID-MD5"}}
2026-07-20 03:56:55,088 [147] ERROR Ad.Web.BackgroudService.MktAudienceFileService - wifi文件 查询人群包状态失败: statusResult={"code":0,"message":"","data":{"crowdId":10023345,"crowdStatus":0,"msg":"待生效","matchType":"OAID-MD5"}}
2026-07-20 03:56:55,112 [147] ERROR Ad.Web.BackgroudService.MktAudienceFileService - wifi文件 查询人群包状态失败: statusResult={"code":0,"message":"","data":{"crowdId":10023346,"crowdStatus":0,"msg":"待生效","matchType":"OAID-MD5"}}
2026-07-20 03:56:55,183 [147] ERROR Ad.Web.BackgroudService.MktAudienceFileService - wifi文件 查询人群包状态失败: statusResult={"code":0,"message":"","data":{"crowdId":10023347,"crowdStatus":0,"msg":"待生效","matchType":"OAID-MD5"}}
2026-07-20 03:56:55,294 [147] ERROR Ad.Web.BackgroudService.MktAudienceFileService - wifi文件 查询人群包状态失败: statusResult={"code":0,"message":"","data":{"crowdId":10023348,"crowdStatus":0,"msg":"待生效","matchType":"OAID-MD5"}}
2026-07-20 03:56:55,318 [147] ERROR Ad.Web.BackgroudService.MktAudienceFileService - wifi文件 查询人群包状态失败: statusResult={"code":0,"message":"","data":{"crowdId":10023349,"crowdStatus":0,"msg":"待生效","matchType":"OAID-MD5"}}
2026-07-20 03:56:55,348 [147] ERROR Ad.Web.BackgroudService.MktAudienceFileService - wifi文件 查询人群包状态失败: statusResult={"code":0,"message":"","data":{"crowdId":10023350,"crowdStatus":0,"msg":"待生效","matchType":"OAID-MD5"}}
2026-07-20 03:56:55,419 [147] ERROR Ad.Web.BackgroudService.MktAudienceFileService - wifi文件 查询人群包状态失败: statusResult={"code":0,"message":"","data":{"crowdId":10023435,"crowdStatus":5,"msg":"待生效","matchType":"OAID-MD5"}}
2026-07-20 04:06:52,605 [102] ERROR Ad.Web.BackgroudService.MktAudienceFileService - huawei文件 查询人群包状态失败: result={"code":200,"message":"Success","value":{"dmpID":"1953077773933364096","audiences":[{"id":"866959","name":[{"language":"zh","country":null,"value":"闲鱼点击人群_20260525_bucket0"}],"description":[],"scale":832499,"status":0,"adsAudienceId":"1779707070601","updateTime":"2026-07-20 02:17:22","coverageCountReal":"462267"}]}}
2026-07-20 04:06:53,097 [102] ERROR Ad.Web.BackgroudService.MktAudienceFileService - huawei文件 查询人群包状态失败: result={"code":200,"message":"Success","value":{"dmpID":"1953077773933364096","audiences":[{"id":"203265","name":[{"language":"zh","country":null,"value":"闲鱼定向包_20260528_bucket0"}],"description":[],"scale":423523,"status":1,"adsAudienceId":"1779951406791","updateTime":"2026-07-19 18:14:06","coverageCountReal":"42567700"}]}}
2026-07-20 04:06:53,576 [102] ERROR Ad.Web.BackgroudService.MktAudienceFileService - huawei文件 查询人群包状态失败: result={"code":200,"message":"Success","value":{"dmpID":"1953077773933364096","audiences":[{"id":"866959","name":[{"language":"zh","country":null,"value":"闲鱼点击人群_20260525_bucket0"}],"description":[],"scale":832499,"status":0,"adsAudienceId":"1779707070601","updateTime":"2026-07-20 02:17:22","coverageCountReal":"462267"}]}}
2026-07-20 04:06:53,637 [102] ERROR Ad.Web.BackgroudService.MktAudienceFileService - wifi文件 查询人群包状态失败: statusResult={"code":0,"message":"","data":{"crowdId":10023395,"crowdStatus":0,"msg":"待生效","matchType":"OAID-MD5"}}
2026-07-20 04:06:53,647 [102] ERROR Ad.Web.BackgroudService.MktAudienceFileService - wifi文件 查询人群包状态失败: statusResult={"code":0,"message":"","data":{"crowdId":10023331,"crowdStatus":0,"msg":"待生效","matchType":"OAID-MD5"}}
2026-07-20 04:06:53,722 [76] ERROR Ad.Web.BackgroudService.MktAudienceFileService - wifi文件 查询人群包状态失败: statusResult={"code":0,"message":"","data":{"crowdId":10023331,"crowdStatus":0,"msg":"待生效","matchType":"OAID-MD5"}}
2026-07-20 04:06:53,746 [76] ERROR Ad.Web.BackgroudService.MktAudienceFileService - wifi文件 查询人群包状态失败: statusResult={"code":0,"message":"","data":{"crowdId":10023395,"crowdStatus":0,"msg":"待生效","matchType":"OAID-MD5"}}
2026-07-20 04:06:53,769 [76] ERROR Ad.Web.BackgroudService.MktAudienceFileService - wifi文件 查询人群包状态失败: statusResult={"code":0,"message":"","data":{"crowdId":10023337,"crowdStatus":0,"msg":"待生效","matchType":"OAID-MD5"}}
2026-07-20 04:06:53,792 [76] ERROR Ad.Web.BackgroudService.MktAudienceFileService - wifi文件 查询人群包状态失败: statusResult={"code":0,"message":"","data":{"crowdId":10023338,"crowdStatus":0,"msg":"待生效","matchType":"OAID-MD5"}}
2026-07-20 04:06:53,815 [76] ERROR Ad.Web.BackgroudService.MktAudienceFileService - wifi文件 查询人群包状态失败: statusResult={"code":0,"message":"","data":{"crowdId":10023339,"crowdStatus":0,"msg":"待生效","matchType":"OAID-MD5"}}
2026-07-20 04:06:53,838 [76] ERROR Ad.Web.BackgroudService.MktAudienceFileService - wifi文件 查询人群包状态失败: statusResult={"code":0,"message":"","data":{"crowdId":10023340,"crowdStatus":0,"msg":"待生效","matchType":"OAID-MD5"}}
2026-07-20 04:06:53,862 [76] ERROR Ad.Web.BackgroudService.MktAudienceFileService - wifi文件 查询人群包状态失败: statusResult={"code":0,"message":"","data":{"crowdId":10023341,"crowdStatus":0,"msg":"待生效","matchType":"OAID-MD5"}}
2026-07-20 04:06:53,884 [76] ERROR Ad.Web.BackgroudService.MktAudienceFileService - wifi文件 查询人群包状态失败: statusResult={"code":0,"message":"","data":{"crowdId":10023342,"crowdStatus":0,"msg":"待生效","matchType":"OAID-MD5"}}
2026-07-20 04:06:53,907 [76] ERROR Ad.Web.BackgroudService.MktAudienceFileService - wifi文件 查询人群包状态失败: statusResult={"code":0,"message":"","data":{"crowdId":10023343,"crowdStatus":0,"msg":"待生效","matchType":"OAID-MD5"}}
2026-07-20 04:06:53,930 [76] ERROR Ad.Web.BackgroudService.MktAudienceFileService - wifi文件 查询人群包状态失败: statusResult={"code":0,"message":"","data":{"crowdId":10023344,"crowdStatus":0,"msg":"待生效","matchType":"OAID-MD5"}}
2026-07-20 04:06:53,953 [76] ERROR Ad.Web.BackgroudService.MktAudienceFileService - wifi文件 查询人群包状态失败: statusResult={"code":0,"message":"","data":{"crowdId":10023345,"crowdStatus":0,"msg":"待生效","matchType":"OAID-MD5"}}
2026-07-20 04:06:53,976 [76] ERROR Ad.Web.BackgroudService.MktAudienceFileService - wifi文件 查询人群包状态失败: statusResult={"code":0,"message":"","data":{"crowdId":10023346,"crowdStatus":0,"msg":"待生效","matchType":"OAID-MD5"}}
2026-07-20 04:06:53,998 [76] ERROR Ad.Web.BackgroudService.MktAudienceFileService - wifi文件 查询人群包状态失败: statusResult={"code":0,"message":"","data":{"crowdId":10023347,"crowdStatus":0,"msg":"待生效","matchType":"OAID-MD5"}}
2026-07-20 04:06:54,022 [76] ERROR Ad.Web.BackgroudService.MktAudienceFileService - wifi文件 查询人群包状态失败: statusResult={"code":0,"message":"","data":{"crowdId":10023348,"crowdStatus":0,"msg":"待生效","matchType":"OAID-MD5"}}
2026-07-20 04:06:54,045 [76] ERROR Ad.Web.BackgroudService.MktAudienceFileService - wifi文件 查询人群包状态失败: statusResult={"code":0,"message":"","data":{"crowdId":10023349,"crowdStatus":0,"msg":"待生效","matchType":"OAID-MD5"}}
2026-07-20 04:06:54,068 [76] ERROR Ad.Web.BackgroudService.MktAudienceFileService - wifi文件 查询人群包状态失败: statusResult={"code":0,"message":"","data":{"crowdId":10023350,"crowdStatus":0,"msg":"待生效","matchType":"OAID-MD5"}}
2026-07-20 04:06:54,090 [76] ERROR Ad.Web.BackgroudService.MktAudienceFileService - wifi文件 查询人群包状态失败: statusResult={"code":0,"message":"","data":{"crowdId":10023435,"crowdStatus":5,"msg":"待生效","matchType":"OAID-MD5"}}
2026-07-20 04:16:50,796 [124] ERROR Ad.Web.BackgroudService.MktDownloadService - FtpGetFileSize ex.msg:The remote server returned an error: (550) File unavailable (e.g., file not found, no access).
2026-07-20 04:16:52,741 [42] ERROR Ad.Web.BackgroudService.MktAudienceFileService - huawei文件 查询人群包状态失败: result={"code":200,"message":"Success","value":{"dmpID":"1953077773933364096","audiences":[{"id":"866959","name":[{"language":"zh","country":null,"value":"闲鱼点击人群_20260525_bucket0"}],"description":[],"scale":832499,"status":0,"adsAudienceId":"1779707070601","updateTime":"2026-07-20 02:17:22","coverageCountReal":"462267"}]}}
2026-07-20 04:16:53,356 [124] ERROR Ad.Web.BackgroudService.MktAudienceFileService - huawei文件 查询人群包状态失败: result={"code":200,"message":"Success","value":{"dmpID":"1953077773933364096","audiences":[{"id":"203265","name":[{"language":"zh","country":null,"value":"闲鱼定向包_20260528_bucket0"}],"description":[],"scale":423523,"status":1,"adsAudienceId":"1779951406791","updateTime":"2026-07-19 18:14:06","coverageCountReal":"42567700"}]}}
2026-07-20 04:16:53,744 [99] ERROR Ad.Web.BackgroudService.MktAudienceFileService - huawei文件 查询人群包状态失败: result={"code":200,"message":"Success","value":{"dmpID":"1953077773933364096","audiences":[{"id":"866959","name":[{"language":"zh","country":null,"value":"闲鱼点击人群_20260525_bucket0"}],"description":[],"scale":832499,"status":0,"adsAudienceId":"1779707070601","updateTime":"2026-07-20 02:17:22","coverageCountReal":"462267"}]}}
2026-07-20 04:16:53,799 [124] ERROR Ad.Web.BackgroudService.MktAudienceFileService - wifi文件 查询人群包状态失败: statusResult={"code":0,"message":"","data":{"crowdId":10023395,"crowdStatus":0,"msg":"待生效","matchType":"OAID-MD5"}}
2026-07-20 04:16:53,809 [124] ERROR Ad.Web.BackgroudService.MktAudienceFileService - wifi文件 查询人群包状态失败: statusResult={"code":0,"message":"","data":{"crowdId":10023331,"crowdStatus":0,"msg":"待生效","matchType":"OAID-MD5"}}
2026-07-20 04:16:53,890 [99] ERROR Ad.Web.BackgroudService.MktAudienceFileService - wifi文件 查询人群包状态失败: statusResult={"code":0,"message":"","data":{"crowdId":10023331,"crowdStatus":0,"msg":"待生效","matchType":"OAID-MD5"}}
2026-07-20 04:16:53,914 [99] ERROR Ad.Web.BackgroudService.MktAudienceFileService - wifi文件 查询人群包状态失败: statusResult={"code":0,"message":"","data":{"crowdId":10023395,"crowdStatus":0,"msg":"待生效","matchType":"OAID-MD5"}}
2026-07-20 04:16:53,939 [99] ERROR Ad.Web.BackgroudService.MktAudienceFileService - wifi文件 查询人群包状态失败: statusResult={"code":0,"message":"","data":{"crowdId":10023337,"crowdStatus":0,"msg":"待生效","matchType":"OAID-MD5"}}
2026-07-20 04:16:53,962 [99] ERROR Ad.Web.BackgroudService.MktAudienceFileService - wifi文件 查询人群包状态失败: statusResult={"code":0,"message":"","data":{"crowdId":10023338,"crowdStatus":0,"msg":"待生效","matchType":"OAID-MD5"}}
2026-07-20 04:16:53,986 [99] ERROR Ad.Web.BackgroudService.MktAudienceFileService - wifi文件 查询人群包状态失败: statusResult={"code":0,"message":"","data":{"crowdId":10023339,"crowdStatus":0,"msg":"待生效","matchType":"OAID-MD5"}}
2026-07-20 04:16:54,010 [99] ERROR Ad.Web.BackgroudService.MktAudienceFileService - wifi文件 查询人群包状态失败: statusResult={"code":0,"message":"","data":{"crowdId":10023340,"crowdStatus":0,"msg":"待生效","matchType":"OAID-MD5"}}
2026-07-20 04:16:54,035 [99] ERROR Ad.Web.BackgroudService.MktAudienceFileService - wifi文件 查询人群包状态失败: statusResult={"code":0,"message":"","data":{"crowdId":10023341,"crowdStatus":0,"msg":"待生效","matchType":"OAID-MD5"}}
2026-07-20 04:16:54,058 [99] ERROR Ad.Web.BackgroudService.MktAudienceFileService - wifi文件 查询人群包状态失败: statusResult={"code":0,"message":"","data":{"crowdId":10023342,"crowdStatus":0,"msg":"待生效","matchType":"OAID-MD5"}}
2026-07-20 04:16:54,082 [99] ERROR Ad.Web.BackgroudService.MktAudienceFileService - wifi文件 查询人群包状态失败: statusResult={"code":0,"message":"","data":{"crowdId":10023343,"crowdStatus":0,"msg":"待生效","matchType":"OAID-MD5"}}
2026-07-20 04:16:54,106 [99] ERROR Ad.Web.BackgroudService.MktAudienceFileService - wifi文件 查询人群包状态失败: statusResult={"code":0,"message":"","data":{"crowdId":10023344,"crowdStatus":0,"msg":"待生效","matchType":"OAID-MD5"}}
2026-07-20 04:16:54,130 [124] ERROR Ad.Web.BackgroudService.MktAudienceFileService - wifi文件 查询人群包状态失败: statusResult={"code":0,"message":"","data":{"crowdId":10023345,"crowdStatus":0,"msg":"待生效","matchType":"OAID-MD5"}}
2026-07-20 04:16:54,153 [124] ERROR Ad.Web.BackgroudService.MktAudienceFileService - wifi文件 查询人群包状态失败: statusResult={"code":0,"message":"","data":{"crowdId":10023346,"crowdStatus":0,"msg":"待生效","matchType":"OAID-MD5"}}
2026-07-20 04:16:54,356 [124] ERROR Ad.Web.BackgroudService.MktAudienceFileService - wifi文件 查询人群包状态失败: statusResult={"code":0,"message":"","data":{"crowdId":10023347,"crowdStatus":0,"msg":"待生效","matchType":"OAID-MD5"}}
2026-07-20 04:16:54,379 [124] ERROR Ad.Web.BackgroudService.MktAudienceFileService - wifi文件 查询人群包状态失败: statusResult={"code":0,"message":"","data":{"crowdId":10023348,"crowdStatus":0,"msg":"待生效","matchType":"OAID-MD5"}}
2026-07-20 04:16:54,402 [124] ERROR Ad.Web.BackgroudService.MktAudienceFileService - wifi文件 查询人群包状态失败: statusResult={"code":0,"message":"","data":{"crowdId":10023349,"crowdStatus":0,"msg":"待生效","matchType":"OAID-MD5"}}
2026-07-20 04:16:54,426 [124] ERROR Ad.Web.BackgroudService.MktAudienceFileService - wifi文件 查询人群包状态失败: statusResult={"code":0,"message":"","data":{"crowdId":10023350,"crowdStatus":0,"msg":"待生效","matchType":"OAID-MD5"}}
2026-07-20 04:16:54,450 [99] ERROR Ad.Web.BackgroudService.MktAudienceFileService - wifi文件 查询人群包状态失败: statusResult={"code":0,"message":"","data":{"crowdId":10023435,"crowdStatus":5,"msg":"待生效","matchType":"OAID-MD5"}}
2026-07-20 04:26:59,645 [124] ERROR Ad.Web.BackgroudService.MktAudienceFileService - huawei文件 查询人群包状态失败: result={"code":200,"message":"Success","value":{"dmpID":"1953077773933364096","audiences":[{"id":"866959","name":[{"language":"zh","country":null,"value":"闲鱼点击人群_20260525_bucket0"}],"description":[],"scale":832499,"status":0,"adsAudienceId":"1779707070601","updateTime":"2026-07-20 02:17:22","coverageCountReal":"462267"}]}}
2026-07-20 04:27:00,121 [124] ERROR Ad.Web.BackgroudService.MktAudienceFileService - huawei文件 查询人群包状态失败: result={"code":200,"message":"Success","value":{"dmpID":"1953077773933364096","audiences":[{"id":"203265","name":[{"language":"zh","country":null,"value":"闲鱼定向包_20260528_bucket0"}],"description":[],"scale":423523,"status":1,"adsAudienceId":"1779951406791","updateTime":"2026-07-19 18:14:06","coverageCountReal":"42567700"}]}}
2026-07-20 04:27:00,559 [124] ERROR Ad.Web.BackgroudService.MktAudienceFileService - huawei文件 查询人群包状态失败: result={"code":200,"message":"Success","value":{"dmpID":"1953077773933364096","audiences":[{"id":"866959","name":[{"language":"zh","country":null,"value":"闲鱼点击人群_20260525_bucket0"}],"description":[],"scale":832499,"status":0,"adsAudienceId":"1779707070601","updateTime":"2026-07-20 02:17:22","coverageCountReal":"462267"}]}}
2026-07-20 04:27:00,619 [124] ERROR Ad.Web.BackgroudService.MktAudienceFileService - wifi文件 查询人群包状态失败: statusResult={"code":0,"message":"","data":{"crowdId":10023395,"crowdStatus":0,"msg":"待生效","matchType":"OAID-MD5"}}
2026-07-20 04:27:00,636 [124] ERROR Ad.Web.BackgroudService.MktAudienceFileService - wifi文件 查询人群包状态失败: statusResult={"code":0,"message":"","data":{"crowdId":10023331,"crowdStatus":0,"msg":"待生效","matchType":"OAID-MD5"}}
2026-07-20 04:27:00,711 [124] ERROR Ad.Web.BackgroudService.MktAudienceFileService - wifi文件 查询人群包状态失败: statusResult={"code":0,"message":"","data":{"crowdId":10023331,"crowdStatus":0,"msg":"待生效","matchType":"OAID-MD5"}}
2026-07-20 04:27:00,736 [124] ERROR Ad.Web.BackgroudService.MktAudienceFileService - wifi文件 查询人群包状态失败: statusResult={"code":0,"message":"","data":{"crowdId":10023395,"crowdStatus":0,"msg":"待生效","matchType":"OAID-MD5"}}
2026-07-20 04:27:00,760 [124] ERROR Ad.Web.BackgroudService.MktAudienceFileService - wifi文件 查询人群包状态失败: statusResult={"code":0,"message":"","data":{"crowdId":10023337,"crowdStatus":0,"msg":"待生效","matchType":"OAID-MD5"}}
2026-07-20 04:27:00,784 [124] ERROR Ad.Web.BackgroudService.MktAudienceFileService - wifi文件 查询人群包状态失败: statusResult={"code":0,"message":"","data":{"crowdId":10023338,"crowdStatus":0,"msg":"待生效","matchType":"OAID-MD5"}}
2026-07-20 04:27:00,808 [124] ERROR Ad.Web.BackgroudService.MktAudienceFileService - wifi文件 查询人群包状态失败: statusResult={"code":0,"message":"","data":{"crowdId":10023339,"crowdStatus":0,"msg":"待生效","matchType":"OAID-MD5"}}
2026-07-20 04:27:00,832 [124] ERROR Ad.Web.BackgroudService.MktAudienceFileService - wifi文件 查询人群包状态失败: statusResult={"code":0,"message":"","data":{"crowdId":10023340,"crowdStatus":0,"msg":"待生效","matchType":"OAID-MD5"}}
2026-07-20 04:27:00,855 [124] ERROR Ad.Web.BackgroudService.MktAudienceFileService - wifi文件 查询人群包状态失败: statusResult={"code":0,"message":"","data":{"crowdId":10023341,"crowdStatus":0,"msg":"待生效","matchType":"OAID-MD5"}}
2026-07-20 04:27:00,879 [124] ERROR Ad.Web.BackgroudService.MktAudienceFileService - wifi文件 查询人群包状态失败: statusResult={"code":0,"message":"","data":{"crowdId":10023342,"crowdStatus":0,"msg":"待生效","matchType":"OAID-MD5"}}
2026-07-20 04:27:00,902 [124] ERROR Ad.Web.BackgroudService.MktAudienceFileService - wifi文件 查询人群包状态失败: statusResult={"code":0,"message":"","data":{"crowdId":10023343,"crowdStatus":0,"msg":"待生效","matchType":"OAID-MD5"}}
2026-07-20 04:27:00,928 [124] ERROR Ad.Web.BackgroudService.MktAudienceFileService - wifi文件 查询人群包状态失败: statusResult={"code":0,"message":"","data":{"crowdId":10023344,"crowdStatus":0,"msg":"待生效","matchType":"OAID-MD5"}}
2026-07-20 04:27:00,952 [124] ERROR Ad.Web.BackgroudService.MktAudienceFileService - wifi文件 查询人群包状态失败: statusResult={"code":0,"message":"","data":{"crowdId":10023345,"crowdStatus":0,"msg":"待生效","matchType":"OAID-MD5"}}
2026-07-20 04:27:00,975 [124] ERROR Ad.Web.BackgroudService.MktAudienceFileService - wifi文件 查询人群包状态失败: statusResult={"code":0,"message":"","data":{"crowdId":10023346,"crowdStatus":0,"msg":"待生效","matchType":"OAID-MD5"}}
2026-07-20 04:27:00,998 [124] ERROR Ad.Web.BackgroudService.MktAudienceFileService - wifi文件 查询人群包状态失败: statusResult={"code":0,"message":"","data":{"crowdId":10023347,"crowdStatus":0,"msg":"待生效","matchType":"OAID-MD5"}}
2026-07-20 04:27:01,022 [124] ERROR Ad.Web.BackgroudService.MktAudienceFileService - wifi文件 查询人群包状态失败: statusResult={"code":0,"message":"","data":{"crowdId":10023348,"crowdStatus":0,"msg":"待生效","matchType":"OAID-MD5"}}
2026-07-20 04:27:01,045 [124] ERROR Ad.Web.BackgroudService.MktAudienceFileService - wifi文件 查询人群包状态失败: statusResult={"code":0,"message":"","data":{"crowdId":10023349,"crowdStatus":0,"msg":"待生效","matchType":"OAID-MD5"}}
2026-07-20 04:27:01,068 [124] ERROR Ad.Web.BackgroudService.MktAudienceFileService - wifi文件 查询人群包状态失败: statusResult={"code":0,"message":"","data":{"crowdId":10023350,"crowdStatus":0,"msg":"待生效","matchType":"OAID-MD5"}}
2026-07-20 04:27:01,092 [124] ERROR Ad.Web.BackgroudService.MktAudienceFileService - wifi文件 查询人群包状态失败: statusResult={"code":0,"message":"","data":{"crowdId":10023435,"crowdStatus":5,"msg":"待生效","matchType":"OAID-MD5"}}
2026-07-20 04:36:53,175 [102] ERROR Ad.Web.BackgroudService.MktAudienceFileService - huawei文件 查询人群包状态失败: result={"code":200,"message":"Success","value":{"dmpID":"1953077773933364096","audiences":[{"id":"866959","name":[{"language":"zh","country":null,"value":"闲鱼点击人群_20260525_bucket0"}],"description":[],"scale":832499,"status":0,"adsAudienceId":"1779707070601","updateTime":"2026-07-20 02:17:22","coverageCountReal":"462267"}]}}
2026-07-20 04:36:53,643 [102] ERROR Ad.Web.BackgroudService.MktAudienceFileService - huawei文件 查询人群包状态失败: result={"code":200,"message":"Success","value":{"dmpID":"1953077773933364096","audiences":[{"id":"203265","name":[{"language":"zh","country":null,"value":"闲鱼定向包_20260528_bucket0"}],"description":[],"scale":423523,"status":1,"adsAudienceId":"1779951406791","updateTime":"2026-07-19 18:14:06","coverageCountReal":"42567700"}]}}
2026-07-20 04:36:54,034 [102] ERROR Ad.Web.BackgroudService.MktAudienceFileService - huawei文件 查询人群包状态失败: result={"code":200,"message":"Success","value":{"dmpID":"1953077773933364096","audiences":[{"id":"866959","name":[{"language":"zh","country":null,"value":"闲鱼点击人群_20260525_bucket0"}],"description":[],"scale":832499,"status":0,"adsAudienceId":"1779707070601","updateTime":"2026-07-20 02:17:22","coverageCountReal":"462267"}]}}
2026-07-20 04:36:54,087 [111] ERROR Ad.Web.BackgroudService.MktAudienceFileService - wifi文件 查询人群包状态失败: statusResult={"code":0,"message":"","data":{"crowdId":10023395,"crowdStatus":0,"msg":"待生效","matchType":"OAID-MD5"}}
2026-07-20 04:36:54,096 [111] ERROR Ad.Web.BackgroudService.MktAudienceFileService - wifi文件 查询人群包状态失败: statusResult={"code":0,"message":"","data":{"crowdId":10023331,"crowdStatus":0,"msg":"待生效","matchType":"OAID-MD5"}}
2026-07-20 04:36:54,174 [111] ERROR Ad.Web.BackgroudService.MktAudienceFileService - wifi文件 查询人群包状态失败: statusResult={"code":0,"message":"","data":{"crowdId":10023331,"crowdStatus":0,"msg":"待生效","matchType":"OAID-MD5"}}
2026-07-20 04:36:54,198 [111] ERROR Ad.Web.BackgroudService.MktAudienceFileService - wifi文件 查询人群包状态失败: statusResult={"code":0,"message":"","data":{"crowdId":10023395,"crowdStatus":0,"msg":"待生效","matchType":"OAID-MD5"}}
2026-07-20 04:36:54,222 [111] ERROR Ad.Web.BackgroudService.MktAudienceFileService - wifi文件 查询人群包状态失败: statusResult={"code":0,"message":"","data":{"crowdId":10023337,"crowdStatus":0,"msg":"待生效","matchType":"OAID-MD5"}}
2026-07-20 04:36:54,245 [111] ERROR Ad.Web.BackgroudService.MktAudienceFileService - wifi文件 查询人群包状态失败: statusResult={"code":0,"message":"","data":{"crowdId":10023338,"crowdStatus":0,"msg":"待生效","matchType":"OAID-MD5"}}
2026-07-20 04:36:54,268 [111] ERROR Ad.Web.BackgroudService.MktAudienceFileService - wifi文件 查询人群包状态失败: statusResult={"code":0,"message":"","data":{"crowdId":10023339,"crowdStatus":0,"msg":"待生效","matchType":"OAID-MD5"}}
2026-07-20 04:36:54,290 [111] ERROR Ad.Web.BackgroudService.MktAudienceFileService - wifi文件 查询人群包状态失败: statusResult={"code":0,"message":"","data":{"crowdId":10023340,"crowdStatus":0,"msg":"待生效","matchType":"OAID-MD5"}}
2026-07-20 04:36:54,313 [111] ERROR Ad.Web.BackgroudService.MktAudienceFileService - wifi文件 查询人群包状态失败: statusResult={"code":0,"message":"","data":{"crowdId":10023341,"crowdStatus":0,"msg":"待生效","matchType":"OAID-MD5"}}
2026-07-20 04:36:54,337 [111] ERROR Ad.Web.BackgroudService.MktAudienceFileService - wifi文件 查询人群包状态失败: statusResult={"code":0,"message":"","data":{"crowdId":10023342,"crowdStatus":0,"msg":"待生效","matchType":"OAID-MD5"}}
2026-07-20 04:36:54,359 [111] ERROR Ad.Web.BackgroudService.MktAudienceFileService - wifi文件 查询人群包状态失败: statusResult={"code":0,"message":"","data":{"crowdId":10023343,"crowdStatus":0,"msg":"待生效","matchType":"OAID-MD5"}}
2026-07-20 04:36:54,382 [111] ERROR Ad.Web.BackgroudService.MktAudienceFileService - wifi文件 查询人群包状态失败: statusResult={"code":0,"message":"","data":{"crowdId":10023344,"crowdStatus":0,"msg":"待生效","matchType":"OAID-MD5"}}
2026-07-20 04:36:54,405 [111] ERROR Ad.Web.BackgroudService.MktAudienceFileService - wifi文件 查询人群包状态失败: statusResult={"code":0,"message":"","data":{"crowdId":10023345,"crowdStatus":0,"msg":"待生效","matchType":"OAID-MD5"}}
2026-07-20 04:36:54,428 [111] ERROR Ad.Web.BackgroudService.MktAudienceFileService - wifi文件 查询人群包状态失败: statusResult={"code":0,"message":"","data":{"crowdId":10023346,"crowdStatus":0,"msg":"待生效","matchType":"OAID-MD5"}}
2026-07-20 04:36:54,451 [111] ERROR Ad.Web.BackgroudService.MktAudienceFileService - wifi文件 查询人群包状态失败: statusResult={"code":0,"message":"","data":{"crowdId":10023347,"crowdStatus":0,"msg":"待生效","matchType":"OAID-MD5"}}
2026-07-20 04:36:54,473 [111] ERROR Ad.Web.BackgroudService.MktAudienceFileService - wifi文件 查询人群包状态失败: statusResult={"code":0,"message":"","data":{"crowdId":10023348,"crowdStatus":0,"msg":"待生效","matchType":"OAID-MD5"}}
2026-07-20 04:36:54,497 [111] ERROR Ad.Web.BackgroudService.MktAudienceFileService - wifi文件 查询人群包状态失败: statusResult={"code":0,"message":"","data":{"crowdId":10023349,"crowdStatus":0,"msg":"待生效","matchType":"OAID-MD5"}}
2026-07-20 04:36:54,520 [111] ERROR Ad.Web.BackgroudService.MktAudienceFileService - wifi文件 查询人群包状态失败: statusResult={"code":0,"message":"","data":{"crowdId":10023350,"crowdStatus":0,"msg":"待生效","matchType":"OAID-MD5"}}
2026-07-20 04:36:54,543 [111] ERROR Ad.Web.BackgroudService.MktAudienceFileService - wifi文件 查询人群包状态失败: statusResult={"code":0,"message":"","data":{"crowdId":10023435,"crowdStatus":5,"msg":"待生效","matchType":"OAID-MD5"}}
2026-07-20 04:46:50,713 [178] ERROR Ad.Web.BackgroudService.MktDownloadService - FtpGetFileSize ex.msg:The remote server returned an error: (550) File unavailable (e.g., file not found, no access).
2026-07-20 04:46:53,440 [47] ERROR Ad.Web.BackgroudService.MktAudienceFileService - huawei文件 查询人群包状态失败: result={"code":200,"message":"Success","value":{"dmpID":"1953077773933364096","audiences":[{"id":"866959","name":[{"language":"zh","country":null,"value":"闲鱼点击人群_20260525_bucket0"}],"description":[],"scale":832499,"status":0,"adsAudienceId":"1779707070601","updateTime":"2026-07-20 02:17:22","coverageCountReal":"462267"}]}}
2026-07-20 04:46:53,915 [47] ERROR Ad.Web.BackgroudService.MktAudienceFileService - huawei文件 查询人群包状态失败: result={"code":200,"message":"Success","value":{"dmpID":"1953077773933364096","audiences":[{"id":"203265","name":[{"language":"zh","country":null,"value":"闲鱼定向包_20260528_bucket0"}],"description":[],"scale":423523,"status":1,"adsAudienceId":"1779951406791","updateTime":"2026-07-19 18:14:06","coverageCountReal":"42567700"}]}}
2026-07-20 04:46:54,298 [177] ERROR Ad.Web.BackgroudService.MktAudienceFileService - huawei文件 查询人群包状态失败: result={"code":200,"message":"Success","value":{"dmpID":"1953077773933364096","audiences":[{"id":"866959","name":[{"language":"zh","country":null,"value":"闲鱼点击人群_20260525_bucket0"}],"description":[],"scale":832499,"status":0,"adsAudienceId":"1779707070601","updateTime":"2026-07-20 02:17:22","coverageCountReal":"462267"}]}}
2026-07-20 04:46:54,520 [180] ERROR Ad.Web.BackgroudService.MktAudienceFileService - wifi文件 查询人群包状态失败: statusResult={"code":0,"message":"","data":{"crowdId":10023395,"crowdStatus":0,"msg":"待生效","matchType":"OAID-MD5"}}
2026-07-20 04:46:54,530 [180] ERROR Ad.Web.BackgroudService.MktAudienceFileService - wifi文件 查询人群包状态失败: statusResult={"code":0,"message":"","data":{"crowdId":10023331,"crowdStatus":0,"msg":"待生效","matchType":"OAID-MD5"}}
2026-07-20 04:46:54,610 [177] ERROR Ad.Web.BackgroudService.MktAudienceFileService - wifi文件 查询人群包状态失败: statusResult={"code":0,"message":"","data":{"crowdId":10023331,"crowdStatus":0,"msg":"待生效","matchType":"OAID-MD5"}}
2026-07-20 04:46:54,634 [177] ERROR Ad.Web.BackgroudService.MktAudienceFileService - wifi文件 查询人群包状态失败: statusResult={"code":0,"message":"","data":{"crowdId":10023395,"crowdStatus":0,"msg":"待生效","matchType":"OAID-MD5"}}
2026-07-20 04:46:54,657 [177] ERROR Ad.Web.BackgroudService.MktAudienceFileService - wifi文件 查询人群包状态失败: statusResult={"code":0,"message":"","data":{"crowdId":10023337,"crowdStatus":0,"msg":"待生效","matchType":"OAID-MD5"}}
2026-07-20 04:46:54,680 [176] ERROR Ad.Web.BackgroudService.MktAudienceFileService - wifi文件 查询人群包状态失败: statusResult={"code":0,"message":"","data":{"crowdId":10023338,"crowdStatus":0,"msg":"待生效","matchType":"OAID-MD5"}}
2026-07-20 04:46:54,708 [177] ERROR Ad.Web.BackgroudService.MktAudienceFileService - wifi文件 查询人群包状态失败: statusResult={"code":0,"message":"","data":{"crowdId":10023339,"crowdStatus":0,"msg":"待生效","matchType":"OAID-MD5"}}
2026-07-20 04:46:54,732 [177] ERROR Ad.Web.BackgroudService.MktAudienceFileService - wifi文件 查询人群包状态失败: statusResult={"code":0,"message":"","data":{"crowdId":10023340,"crowdStatus":0,"msg":"待生效","matchType":"OAID-MD5"}}
2026-07-20 04:46:54,756 [180] ERROR Ad.Web.BackgroudService.MktAudienceFileService - wifi文件 查询人群包状态失败: statusResult={"code":0,"message":"","data":{"crowdId":10023341,"crowdStatus":0,"msg":"待生效","matchType":"OAID-MD5"}}
2026-07-20 04:46:54,787 [177] ERROR Ad.Web.BackgroudService.MktAudienceFileService - wifi文件 查询人群包状态失败: statusResult={"code":0,"message":"","data":{"crowdId":10023342,"crowdStatus":0,"msg":"待生效","matchType":"OAID-MD5"}}
2026-07-20 04:46:54,824 [47] ERROR Ad.Web.BackgroudService.MktAudienceFileService - wifi文件 查询人群包状态失败: statusResult={"code":0,"message":"","data":{"crowdId":10023343,"crowdStatus":0,"msg":"待生效","matchType":"OAID-MD5"}}
2026-07-20 04:46:54,848 [47] ERROR Ad.Web.BackgroudService.MktAudienceFileService - wifi文件 查询人群包状态失败: statusResult={"code":0,"message":"","data":{"crowdId":10023344,"crowdStatus":0,"msg":"待生效","matchType":"OAID-MD5"}}
2026-07-20 04:46:54,872 [176] ERROR Ad.Web.BackgroudService.MktAudienceFileService - wifi文件 查询人群包状态失败: statusResult={"code":0,"message":"","data":{"crowdId":10023345,"crowdStatus":0,"msg":"待生效","matchType":"OAID-MD5"}}
2026-07-20 04:46:55,085 [176] ERROR Ad.Web.BackgroudService.MktAudienceFileService - wifi文件 查询人群包状态失败: statusResult={"code":0,"message":"","data":{"crowdId":10023346,"crowdStatus":0,"msg":"待生效","matchType":"OAID-MD5"}}
2026-07-20 04:46:55,110 [176] ERROR Ad.Web.BackgroudService.MktAudienceFileService - wifi文件 查询人群包状态失败: statusResult={"code":0,"message":"","data":{"crowdId":10023347,"crowdStatus":0,"msg":"待生效","matchType":"OAID-MD5"}}
2026-07-20 04:46:55,132 [176] ERROR Ad.Web.BackgroudService.MktAudienceFileService - wifi文件 查询人群包状态失败: statusResult={"code":0,"message":"","data":{"crowdId":10023348,"crowdStatus":0,"msg":"待生效","matchType":"OAID-MD5"}}
2026-07-20 04:46:55,156 [176] ERROR Ad.Web.BackgroudService.MktAudienceFileService - wifi文件 查询人群包状态失败: statusResult={"code":0,"message":"","data":{"crowdId":10023349,"crowdStatus":0,"msg":"待生效","matchType":"OAID-MD5"}}
2026-07-20 04:46:55,180 [180] ERROR Ad.Web.BackgroudService.MktAudienceFileService - wifi文件 查询人群包状态失败: statusResult={"code":0,"message":"","data":{"crowdId":10023350,"crowdStatus":0,"msg":"待生效","matchType":"OAID-MD5"}}
2026-07-20 04:46:55,203 [180] ERROR Ad.Web.BackgroudService.MktAudienceFileService - wifi文件 查询人群包状态失败: statusResult={"code":0,"message":"","data":{"crowdId":10023435,"crowdStatus":5,"msg":"待生效","matchType":"OAID-MD5"}}
2026-07-20 04:56:54,502 [212] ERROR Ad.Web.BackgroudService.MktAudienceFileService - huawei文件 查询人群包状态失败: result={"code":200,"message":"Success","value":{"dmpID":"1953077773933364096","audiences":[{"id":"866959","name":[{"language":"zh","country":null,"value":"闲鱼点击人群_20260525_bucket0"}],"description":[],"scale":832499,"status":0,"adsAudienceId":"1779707070601","updateTime":"2026-07-20 02:17:22","coverageCountReal":"462267"}]}}
2026-07-20 04:56:54,939 [211] ERROR Ad.Web.BackgroudService.MktAudienceFileService - huawei文件 查询人群包状态失败: result={"code":200,"message":"Success","value":{"dmpID":"1953077773933364096","audiences":[{"id":"203265","name":[{"language":"zh","country":null,"value":"闲鱼定向包_20260528_bucket0"}],"description":[],"scale":423523,"status":1,"adsAudienceId":"1779951406791","updateTime":"2026-07-19 18:14:06","coverageCountReal":"42567700"}]}}
2026-07-20 04:56:55,362 [211] ERROR Ad.Web.BackgroudService.MktAudienceFileService - huawei文件 查询人群包状态失败: result={"code":200,"message":"Success","value":{"dmpID":"1953077773933364096","audiences":[{"id":"866959","name":[{"language":"zh","country":null,"value":"闲鱼点击人群_20260525_bucket0"}],"description":[],"scale":832499,"status":0,"adsAudienceId":"1779707070601","updateTime":"2026-07-20 02:17:22","coverageCountReal":"462267"}]}}
2026-07-20 04:56:55,456 [212] ERROR Ad.Web.BackgroudService.MktAudienceFileService - wifi文件 查询人群包状态失败: statusResult={"code":0,"message":"","data":{"crowdId":10023395,"crowdStatus":0,"msg":"待生效","matchType":"OAID-MD5"}}
2026-07-20 04:56:55,494 [212] ERROR Ad.Web.BackgroudService.MktAudienceFileService - wifi文件 查询人群包状态失败: statusResult={"code":0,"message":"","data":{"crowdId":10023331,"crowdStatus":0,"msg":"待生效","matchType":"OAID-MD5"}}
2026-07-20 04:56:55,605 [212] ERROR Ad.Web.BackgroudService.MktAudienceFileService - wifi文件 查询人群包状态失败: statusResult={"code":0,"message":"","data":{"crowdId":10023331,"crowdStatus":0,"msg":"待生效","matchType":"OAID-MD5"}}
2026-07-20 04:56:55,637 [212] ERROR Ad.Web.BackgroudService.MktAudienceFileService - wifi文件 查询人群包状态失败: statusResult={"code":0,"message":"","data":{"crowdId":10023395,"crowdStatus":0,"msg":"待生效","matchType":"OAID-MD5"}}
2026-07-20 04:56:55,748 [212] ERROR Ad.Web.BackgroudService.MktAudienceFileService - wifi文件 查询人群包状态失败: statusResult={"code":0,"message":"","data":{"crowdId":10023337,"crowdStatus":0,"msg":"待生效","matchType":"OAID-MD5"}}
2026-07-20 04:56:55,818 [212] ERROR Ad.Web.BackgroudService.MktAudienceFileService - wifi文件 查询人群包状态失败: statusResult={"code":0,"message":"","data":{"crowdId":10023338,"crowdStatus":0,"msg":"待生效","matchType":"OAID-MD5"}}
2026-07-20 04:56:55,926 [212] ERROR Ad.Web.BackgroudService.MktAudienceFileService - wifi文件 查询人群包状态失败: statusResult={"code":0,"message":"","data":{"crowdId":10023339,"crowdStatus":0,"msg":"待生效","matchType":"OAID-MD5"}}
2026-07-20 04:56:56,035 [212] ERROR Ad.Web.BackgroudService.MktAudienceFileService - wifi文件 查询人群包状态失败: statusResult={"code":0,"message":"","data":{"crowdId":10023340,"crowdStatus":0,"msg":"待生效","matchType":"OAID-MD5"}}
2026-07-20 04:56:56,073 [212] ERROR Ad.Web.BackgroudService.MktAudienceFileService - wifi文件 查询人群包状态失败: statusResult={"code":0,"message":"","data":{"crowdId":10023341,"crowdStatus":0,"msg":"待生效","matchType":"OAID-MD5"}}
2026-07-20 04:56:56,180 [204] ERROR Ad.Web.BackgroudService.MktAudienceFileService - wifi文件 查询人群包状态失败: statusResult={"code":0,"message":"","data":{"crowdId":10023342,"crowdStatus":0,"msg":"待生效","matchType":"OAID-MD5"}}
2026-07-20 04:56:56,257 [204] ERROR Ad.Web.BackgroudService.MktAudienceFileService - wifi文件 查询人群包状态失败: statusResult={"code":0,"message":"","data":{"crowdId":10023343,"crowdStatus":0,"msg":"待生效","matchType":"OAID-MD5"}}
2026-07-20 04:56:56,334 [211] ERROR Ad.Web.BackgroudService.MktAudienceFileService - wifi文件 查询人群包状态失败: statusResult={"code":0,"message":"","data":{"crowdId":10023344,"crowdStatus":0,"msg":"待生效","matchType":"OAID-MD5"}}
2026-07-20 04:56:56,421 [211] ERROR Ad.Web.BackgroudService.MktAudienceFileService - wifi文件 查询人群包状态失败: statusResult={"code":0,"message":"","data":{"crowdId":10023345,"crowdStatus":0,"msg":"待生效","matchType":"OAID-MD5"}}
2026-07-20 04:56:56,535 [211] ERROR Ad.Web.BackgroudService.MktAudienceFileService - wifi文件 查询人群包状态失败: statusResult={"code":0,"message":"","data":{"crowdId":10023346,"crowdStatus":0,"msg":"待生效","matchType":"OAID-MD5"}}
2026-07-20 04:56:56,584 [211] ERROR Ad.Web.BackgroudService.MktAudienceFileService - wifi文件 查询人群包状态失败: statusResult={"code":0,"message":"","data":{"crowdId":10023347,"crowdStatus":0,"msg":"待生效","matchType":"OAID-MD5"}}
2026-07-20 04:56:56,698 [211] ERROR Ad.Web.BackgroudService.MktAudienceFileService - wifi文件 查询人群包状态失败: statusResult={"code":0,"message":"","data":{"crowdId":10023348,"crowdStatus":0,"msg":"待生效","matchType":"OAID-MD5"}}
2026-07-20 04:56:56,767 [211] ERROR Ad.Web.BackgroudService.MktAudienceFileService - wifi文件 查询人群包状态失败: statusResult={"code":0,"message":"","data":{"crowdId":10023349,"crowdStatus":0,"msg":"待生效","matchType":"OAID-MD5"}}
2026-07-20 04:56:56,841 [211] ERROR Ad.Web.BackgroudService.MktAudienceFileService - wifi文件 查询人群包状态失败: statusResult={"code":0,"message":"","data":{"crowdId":10023350,"crowdStatus":0,"msg":"待生效","matchType":"OAID-MD5"}}
2026-07-20 04:56:56,923 [211] ERROR Ad.Web.BackgroudService.MktAudienceFileService - wifi文件 查询人群包状态失败: statusResult={"code":0,"message":"","data":{"crowdId":10023435,"crowdStatus":5,"msg":"待生效","matchType":"OAID-MD5"}}
2026-07-20 05:06:52,646 [44] ERROR Ad.Web.BackgroudService.MktAudienceFileService - huawei文件 查询人群包状态失败: result={"code":200,"message":"Success","value":{"dmpID":"1953077773933364096","audiences":[{"id":"866959","name":[{"language":"zh","country":null,"value":"闲鱼点击人群_20260525_bucket0"}],"description":[],"scale":832499,"status":0,"adsAudienceId":"1779707070601","updateTime":"2026-07-20 02:17:22","coverageCountReal":"462267"}]}}
2026-07-20 05:06:53,136 [44] ERROR Ad.Web.BackgroudService.MktAudienceFileService - huawei文件 查询人群包状态失败: result={"code":200,"message":"Success","value":{"dmpID":"1953077773933364096","audiences":[{"id":"203265","name":[{"language":"zh","country":null,"value":"闲鱼定向包_20260528_bucket0"}],"description":[],"scale":423523,"status":1,"adsAudienceId":"1779951406791","updateTime":"2026-07-19 18:14:06","coverageCountReal":"42567700"}]}}
2026-07-20 05:06:53,593 [44] ERROR Ad.Web.BackgroudService.MktAudienceFileService - huawei文件 查询人群包状态失败: result={"code":200,"message":"Success","value":{"dmpID":"1953077773933364096","audiences":[{"id":"866959","name":[{"language":"zh","country":null,"value":"闲鱼点击人群_20260525_bucket0"}],"description":[],"scale":832499,"status":0,"adsAudienceId":"1779707070601","updateTime":"2026-07-20 02:17:22","coverageCountReal":"462267"}]}}
2026-07-20 05:06:55,168 [98] ERROR Ad.Web.BackgroudService.MktAudienceFileService - wifi文件 查询人群包状态失败: statusResult={"code":0,"message":"","data":{"crowdId":10023395,"crowdStatus":0,"msg":"待生效","matchType":"OAID-MD5"}}
2026-07-20 05:06:55,178 [98] ERROR Ad.Web.BackgroudService.MktAudienceFileService - wifi文件 查询人群包状态失败: statusResult={"code":0,"message":"","data":{"crowdId":10023331,"crowdStatus":0,"msg":"待生效","matchType":"OAID-MD5"}}
2026-07-20 05:06:55,261 [44] ERROR Ad.Web.BackgroudService.MktAudienceFileService - wifi文件 查询人群包状态失败: statusResult={"code":0,"message":"","data":{"crowdId":10023331,"crowdStatus":0,"msg":"待生效","matchType":"OAID-MD5"}}
2026-07-20 05:06:55,285 [44] ERROR Ad.Web.BackgroudService.MktAudienceFileService - wifi文件 查询人群包状态失败: statusResult={"code":0,"message":"","data":{"crowdId":10023395,"crowdStatus":0,"msg":"待生效","matchType":"OAID-MD5"}}
2026-07-20 05:06:55,310 [44] ERROR Ad.Web.BackgroudService.MktAudienceFileService - wifi文件 查询人群包状态失败: statusResult={"code":0,"message":"","data":{"crowdId":10023337,"crowdStatus":0,"msg":"待生效","matchType":"OAID-MD5"}}
2026-07-20 05:06:55,333 [44] ERROR Ad.Web.BackgroudService.MktAudienceFileService - wifi文件 查询人群包状态失败: statusResult={"code":0,"message":"","data":{"crowdId":10023338,"crowdStatus":0,"msg":"待生效","matchType":"OAID-MD5"}}
2026-07-20 05:06:55,357 [44] ERROR Ad.Web.BackgroudService.MktAudienceFileService - wifi文件 查询人群包状态失败: statusResult={"code":0,"message":"","data":{"crowdId":10023339,"crowdStatus":0,"msg":"待生效","matchType":"OAID-MD5"}}
2026-07-20 05:06:55,381 [44] ERROR Ad.Web.BackgroudService.MktAudienceFileService - wifi文件 查询人群包状态失败: statusResult={"code":0,"message":"","data":{"crowdId":10023340,"crowdStatus":0,"msg":"待生效","matchType":"OAID-MD5"}}
2026-07-20 05:06:55,404 [44] ERROR Ad.Web.BackgroudService.MktAudienceFileService - wifi文件 查询人群包状态失败: statusResult={"code":0,"message":"","data":{"crowdId":10023341,"crowdStatus":0,"msg":"待生效","matchType":"OAID-MD5"}}
2026-07-20 05:06:55,427 [44] ERROR Ad.Web.BackgroudService.MktAudienceFileService - wifi文件 查询人群包状态失败: statusResult={"code":0,"message":"","data":{"crowdId":10023342,"crowdStatus":0,"msg":"待生效","matchType":"OAID-MD5"}}
2026-07-20 05:06:55,450 [44] ERROR Ad.Web.BackgroudService.MktAudienceFileService - wifi文件 查询人群包状态失败: statusResult={"code":0,"message":"","data":{"crowdId":10023343,"crowdStatus":0,"msg":"待生效","matchType":"OAID-MD5"}}
2026-07-20 05:06:55,473 [44] ERROR Ad.Web.BackgroudService.MktAudienceFileService - wifi文件 查询人群包状态失败: statusResult={"code":0,"message":"","data":{"crowdId":10023344,"crowdStatus":0,"msg":"待生效","matchType":"OAID-MD5"}}
2026-07-20 05:06:55,496 [44] ERROR Ad.Web.BackgroudService.MktAudienceFileService - wifi文件 查询人群包状态失败: statusResult={"code":0,"message":"","data":{"crowdId":10023345,"crowdStatus":0,"msg":"待生效","matchType":"OAID-MD5"}}
2026-07-20 05:06:55,519 [44] ERROR Ad.Web.BackgroudService.MktAudienceFileService - wifi文件 查询人群包状态失败: statusResult={"code":0,"message":"","data":{"crowdId":10023346,"crowdStatus":0,"msg":"待生效","matchType":"OAID-MD5"}}
2026-07-20 05:06:55,544 [44] ERROR Ad.Web.BackgroudService.MktAudienceFileService - wifi文件 查询人群包状态失败: statusResult={"code":0,"message":"","data":{"crowdId":10023347,"crowdStatus":0,"msg":"待生效","matchType":"OAID-MD5"}}
2026-07-20 05:06:55,567 [44] ERROR Ad.Web.BackgroudService.MktAudienceFileService - wifi文件 查询人群包状态失败: statusResult={"code":0,"message":"","data":{"crowdId":10023348,"crowdStatus":0,"msg":"待生效","matchType":"OAID-MD5"}}
2026-07-20 05:06:55,590 [44] ERROR Ad.Web.BackgroudService.MktAudienceFileService - wifi文件 查询人群包状态失败: statusResult={"code":0,"message":"","data":{"crowdId":10023349,"crowdStatus":0,"msg":"待生效","matchType":"OAID-MD5"}}
2026-07-20 05:06:55,623 [44] ERROR Ad.Web.BackgroudService.MktAudienceFileService - wifi文件 查询人群包状态失败: statusResult={"code":0,"message":"","data":{"crowdId":10023350,"crowdStatus":0,"msg":"待生效","matchType":"OAID-MD5"}}
2026-07-20 05:06:55,665 [44] ERROR Ad.Web.BackgroudService.MktAudienceFileService - wifi文件 查询人群包状态失败: statusResult={"code":0,"message":"","data":{"crowdId":10023435,"crowdStatus":5,"msg":"待生效","matchType":"OAID-MD5"}}
2026-07-20 05:16:50,736 [170] ERROR Ad.Web.BackgroudService.MktDownloadService - FtpGetFileSize ex.msg:The remote server returned an error: (550) File unavailable (e.g., file not found, no access).
2026-07-20 05:16:53,007 [172] ERROR Ad.Web.BackgroudService.MktAudienceFileService - huawei文件 查询人群包状态失败: result={"code":200,"message":"Success","value":{"dmpID":"1953077773933364096","audiences":[{"id":"866959","name":[{"language":"zh","country":null,"value":"闲鱼点击人群_20260525_bucket0"}],"description":[],"scale":832499,"status":0,"adsAudienceId":"1779707070601","updateTime":"2026-07-20 02:17:22","coverageCountReal":"462267"}]}}
2026-07-20 05:16:53,473 [172] ERROR Ad.Web.BackgroudService.MktAudienceFileService - huawei文件 查询人群包状态失败: result={"code":200,"message":"Success","value":{"dmpID":"1953077773933364096","audiences":[{"id":"203265","name":[{"language":"zh","country":null,"value":"闲鱼定向包_20260528_bucket0"}],"description":[],"scale":423523,"status":1,"adsAudienceId":"1779951406791","updateTime":"2026-07-19 18:14:06","coverageCountReal":"42567700"}]}}
2026-07-20 05:16:53,879 [172] ERROR Ad.Web.BackgroudService.MktAudienceFileService - huawei文件 查询人群包状态失败: result={"code":200,"message":"Success","value":{"dmpID":"1953077773933364096","audiences":[{"id":"866959","name":[{"language":"zh","country":null,"value":"闲鱼点击人群_20260525_bucket0"}],"description":[],"scale":832499,"status":0,"adsAudienceId":"1779707070601","updateTime":"2026-07-20 02:17:22","coverageCountReal":"462267"}]}}
2026-07-20 05:16:53,932 [174] ERROR Ad.Web.BackgroudService.MktAudienceFileService - wifi文件 查询人群包状态失败: statusResult={"code":0,"message":"","data":{"crowdId":10023395,"crowdStatus":0,"msg":"待生效","matchType":"OAID-MD5"}}
2026-07-20 05:16:53,942 [174] ERROR Ad.Web.BackgroudService.MktAudienceFileService - wifi文件 查询人群包状态失败: statusResult={"code":0,"message":"","data":{"crowdId":10023331,"crowdStatus":0,"msg":"待生效","matchType":"OAID-MD5"}}
2026-07-20 05:16:54,021 [172] ERROR Ad.Web.BackgroudService.MktAudienceFileService - wifi文件 查询人群包状态失败: statusResult={"code":0,"message":"","data":{"crowdId":10023331,"crowdStatus":0,"msg":"待生效","matchType":"OAID-MD5"}}
2026-07-20 05:16:54,046 [167] ERROR Ad.Web.BackgroudService.MktAudienceFileService - wifi文件 查询人群包状态失败: statusResult={"code":0,"message":"","data":{"crowdId":10023395,"crowdStatus":0,"msg":"待生效","matchType":"OAID-MD5"}}
2026-07-20 05:16:54,071 [167] ERROR Ad.Web.BackgroudService.MktAudienceFileService - wifi文件 查询人群包状态失败: statusResult={"code":0,"message":"","data":{"crowdId":10023337,"crowdStatus":0,"msg":"待生效","matchType":"OAID-MD5"}}
2026-07-20 05:16:54,094 [167] ERROR Ad.Web.BackgroudService.MktAudienceFileService - wifi文件 查询人群包状态失败: statusResult={"code":0,"message":"","data":{"crowdId":10023338,"crowdStatus":0,"msg":"待生效","matchType":"OAID-MD5"}}
2026-07-20 05:16:54,118 [168] ERROR Ad.Web.BackgroudService.MktAudienceFileService - wifi文件 查询人群包状态失败: statusResult={"code":0,"message":"","data":{"crowdId":10023339,"crowdStatus":0,"msg":"待生效","matchType":"OAID-MD5"}}
2026-07-20 05:16:54,142 [172] ERROR Ad.Web.BackgroudService.MktAudienceFileService - wifi文件 查询人群包状态失败: statusResult={"code":0,"message":"","data":{"crowdId":10023340,"crowdStatus":0,"msg":"待生效","matchType":"OAID-MD5"}}
2026-07-20 05:16:54,166 [167] ERROR Ad.Web.BackgroudService.MktAudienceFileService - wifi文件 查询人群包状态失败: statusResult={"code":0,"message":"","data":{"crowdId":10023341,"crowdStatus":0,"msg":"待生效","matchType":"OAID-MD5"}}
2026-07-20 05:16:54,331 [167] ERROR Ad.Web.BackgroudService.MktAudienceFileService - wifi文件 查询人群包状态失败: statusResult={"code":0,"message":"","data":{"crowdId":10023342,"crowdStatus":0,"msg":"待生效","matchType":"OAID-MD5"}}
2026-07-20 05:16:54,370 [167] ERROR Ad.Web.BackgroudService.MktAudienceFileService - wifi文件 查询人群包状态失败: statusResult={"code":0,"message":"","data":{"crowdId":10023343,"crowdStatus":0,"msg":"待生效","matchType":"OAID-MD5"}}
2026-07-20 05:16:54,392 [167] ERROR Ad.Web.BackgroudService.MktAudienceFileService - wifi文件 查询人群包状态失败: statusResult={"code":0,"message":"","data":{"crowdId":10023344,"crowdStatus":0,"msg":"待生效","matchType":"OAID-MD5"}}
2026-07-20 05:16:54,416 [167] ERROR Ad.Web.BackgroudService.MktAudienceFileService - wifi文件 查询人群包状态失败: statusResult={"code":0,"message":"","data":{"crowdId":10023345,"crowdStatus":0,"msg":"待生效","matchType":"OAID-MD5"}}
2026-07-20 05:16:54,440 [167] ERROR Ad.Web.BackgroudService.MktAudienceFileService - wifi文件 查询人群包状态失败: statusResult={"code":0,"message":"","data":{"crowdId":10023346,"crowdStatus":0,"msg":"待生效","matchType":"OAID-MD5"}}
2026-07-20 05:16:54,463 [172] ERROR Ad.Web.BackgroudService.MktAudienceFileService - wifi文件 查询人群包状态失败: statusResult={"code":0,"message":"","data":{"crowdId":10023347,"crowdStatus":0,"msg":"待生效","matchType":"OAID-MD5"}}
2026-07-20 05:16:54,485 [168] ERROR Ad.Web.BackgroudService.MktAudienceFileService - wifi文件 查询人群包状态失败: statusResult={"code":0,"message":"","data":{"crowdId":10023348,"crowdStatus":0,"msg":"待生效","matchType":"OAID-MD5"}}
2026-07-20 05:16:54,510 [167] ERROR Ad.Web.BackgroudService.MktAudienceFileService - wifi文件 查询人群包状态失败: statusResult={"code":0,"message":"","data":{"crowdId":10023349,"crowdStatus":0,"msg":"待生效","matchType":"OAID-MD5"}}
2026-07-20 05:16:54,534 [167] ERROR Ad.Web.BackgroudService.MktAudienceFileService - wifi文件 查询人群包状态失败: statusResult={"code":0,"message":"","data":{"crowdId":10023350,"crowdStatus":0,"msg":"待生效","matchType":"OAID-MD5"}}
2026-07-20 05:16:54,557 [167] ERROR Ad.Web.BackgroudService.MktAudienceFileService - wifi文件 查询人群包状态失败: statusResult={"code":0,"message":"","data":{"crowdId":10023435,"crowdStatus":5,"msg":"待生效","matchType":"OAID-MD5"}}
2026-07-20 05:26:53,520 [149] ERROR Ad.Web.BackgroudService.MktAudienceFileService - huawei文件 查询人群包状态失败: result={"code":200,"message":"Success","value":{"dmpID":"1953077773933364096","audiences":[{"id":"866959","name":[{"language":"zh","country":null,"value":"闲鱼点击人群_20260525_bucket0"}],"description":[],"scale":832499,"status":0,"adsAudienceId":"1779707070601","updateTime":"2026-07-20 02:17:22","coverageCountReal":"462267"}]}}
2026-07-20 05:26:54,040 [149] ERROR Ad.Web.BackgroudService.MktAudienceFileService - huawei文件 查询人群包状态失败: result={"code":200,"message":"Success","value":{"dmpID":"1953077773933364096","audiences":[{"id":"203265","name":[{"language":"zh","country":null,"value":"闲鱼定向包_20260528_bucket0"}],"description":[],"scale":423523,"status":1,"adsAudienceId":"1779951406791","updateTime":"2026-07-19 18:14:06","coverageCountReal":"42567700"}]}}
2026-07-20 05:26:54,491 [149] ERROR Ad.Web.BackgroudService.MktAudienceFileService - huawei文件 查询人群包状态失败: result={"code":200,"message":"Success","value":{"dmpID":"1953077773933364096","audiences":[{"id":"866959","name":[{"language":"zh","country":null,"value":"闲鱼点击人群_20260525_bucket0"}],"description":[],"scale":832499,"status":0,"adsAudienceId":"1779707070601","updateTime":"2026-07-20 02:17:22","coverageCountReal":"462267"}]}}
2026-07-20 05:26:54,602 [149] ERROR Ad.Web.BackgroudService.MktAudienceFileService - wifi文件 查询人群包状态失败: statusResult={"code":0,"message":"","data":{"crowdId":10023395,"crowdStatus":0,"msg":"待生效","matchType":"OAID-MD5"}}
2026-07-20 05:26:54,643 [149] ERROR Ad.Web.BackgroudService.MktAudienceFileService - wifi文件 查询人群包状态失败: statusResult={"code":0,"message":"","data":{"crowdId":10023331,"crowdStatus":0,"msg":"待生效","matchType":"OAID-MD5"}}
2026-07-20 05:26:54,763 [149] ERROR Ad.Web.BackgroudService.MktAudienceFileService - wifi文件 查询人群包状态失败: statusResult={"code":0,"message":"","data":{"crowdId":10023331,"crowdStatus":0,"msg":"待生效","matchType":"OAID-MD5"}}
2026-07-20 05:26:54,813 [149] ERROR Ad.Web.BackgroudService.MktAudienceFileService - wifi文件 查询人群包状态失败: statusResult={"code":0,"message":"","data":{"crowdId":10023395,"crowdStatus":0,"msg":"待生效","matchType":"OAID-MD5"}}
2026-07-20 05:26:54,896 [149] ERROR Ad.Web.BackgroudService.MktAudienceFileService - wifi文件 查询人群包状态失败: statusResult={"code":0,"message":"","data":{"crowdId":10023337,"crowdStatus":0,"msg":"待生效","matchType":"OAID-MD5"}}
2026-07-20 05:26:54,983 [149] ERROR Ad.Web.BackgroudService.MktAudienceFileService - wifi文件 查询人群包状态失败: statusResult={"code":0,"message":"","data":{"crowdId":10023338,"crowdStatus":0,"msg":"待生效","matchType":"OAID-MD5"}}
2026-07-20 05:26:55,069 [149] ERROR Ad.Web.BackgroudService.MktAudienceFileService - wifi文件 查询人群包状态失败: statusResult={"code":0,"message":"","data":{"crowdId":10023339,"crowdStatus":0,"msg":"待生效","matchType":"OAID-MD5"}}
2026-07-20 05:26:55,157 [149] ERROR Ad.Web.BackgroudService.MktAudienceFileService - wifi文件 查询人群包状态失败: statusResult={"code":0,"message":"","data":{"crowdId":10023340,"crowdStatus":0,"msg":"待生效","matchType":"OAID-MD5"}}
2026-07-20 05:26:55,231 [149] ERROR Ad.Web.BackgroudService.MktAudienceFileService - wifi文件 查询人群包状态失败: statusResult={"code":0,"message":"","data":{"crowdId":10023341,"crowdStatus":0,"msg":"待生效","matchType":"OAID-MD5"}}
2026-07-20 05:26:55,313 [149] ERROR Ad.Web.BackgroudService.MktAudienceFileService - wifi文件 查询人群包状态失败: statusResult={"code":0,"message":"","data":{"crowdId":10023342,"crowdStatus":0,"msg":"待生效","matchType":"OAID-MD5"}}
2026-07-20 05:26:55,454 [149] ERROR Ad.Web.BackgroudService.MktAudienceFileService - wifi文件 查询人群包状态失败: statusResult={"code":0,"message":"","data":{"crowdId":10023343,"crowdStatus":0,"msg":"待生效","matchType":"OAID-MD5"}}
2026-07-20 05:26:55,519 [149] ERROR Ad.Web.BackgroudService.MktAudienceFileService - wifi文件 查询人群包状态失败: statusResult={"code":0,"message":"","data":{"crowdId":10023344,"crowdStatus":0,"msg":"待生效","matchType":"OAID-MD5"}}
2026-07-20 05:26:55,542 [149] ERROR Ad.Web.BackgroudService.MktAudienceFileService - wifi文件 查询人群包状态失败: statusResult={"code":0,"message":"","data":{"crowdId":10023345,"crowdStatus":0,"msg":"待生效","matchType":"OAID-MD5"}}
2026-07-20 05:26:55,612 [149] ERROR Ad.Web.BackgroudService.MktAudienceFileService - wifi文件 查询人群包状态失败: statusResult={"code":0,"message":"","data":{"crowdId":10023346,"crowdStatus":0,"msg":"待生效","matchType":"OAID-MD5"}}
2026-07-20 05:26:55,705 [149] ERROR Ad.Web.BackgroudService.MktAudienceFileService - wifi文件 查询人群包状态失败: statusResult={"code":0,"message":"","data":{"crowdId":10023347,"crowdStatus":0,"msg":"待生效","matchType":"OAID-MD5"}}
2026-07-20 05:26:55,815 [145] ERROR Ad.Web.BackgroudService.MktAudienceFileService - wifi文件 查询人群包状态失败: statusResult={"code":0,"message":"","data":{"crowdId":10023348,"crowdStatus":0,"msg":"待生效","matchType":"OAID-MD5"}}
2026-07-20 05:26:55,926 [145] ERROR Ad.Web.BackgroudService.MktAudienceFileService - wifi文件 查询人群包状态失败: statusResult={"code":0,"message":"","data":{"crowdId":10023349,"crowdStatus":0,"msg":"待生效","matchType":"OAID-MD5"}}
2026-07-20 05:26:56,007 [145] ERROR Ad.Web.BackgroudService.MktAudienceFileService - wifi文件 查询人群包状态失败: statusResult={"code":0,"message":"","data":{"crowdId":10023350,"crowdStatus":0,"msg":"待生效","matchType":"OAID-MD5"}}
2026-07-20 05:26:56,118 [145] ERROR Ad.Web.BackgroudService.MktAudienceFileService - wifi文件 查询人群包状态失败: statusResult={"code":0,"message":"","data":{"crowdId":10023435,"crowdStatus":5,"msg":"待生效","matchType":"OAID-MD5"}}
2026-07-20 05:36:52,804 [94] ERROR Ad.Web.BackgroudService.MktAudienceFileService - huawei文件 查询人群包状态失败: result={"code":200,"message":"Success","value":{"dmpID":"1953077773933364096","audiences":[{"id":"866959","name":[{"language":"zh","country":null,"value":"闲鱼点击人群_20260525_bucket0"}],"description":[],"scale":832499,"status":0,"adsAudienceId":"1779707070601","updateTime":"2026-07-20 02:17:22","coverageCountReal":"462267"}]}}
2026-07-20 05:36:53,238 [94] ERROR Ad.Web.BackgroudService.MktAudienceFileService - huawei文件 查询人群包状态失败: result={"code":200,"message":"Success","value":{"dmpID":"1953077773933364096","audiences":[{"id":"203265","name":[{"language":"zh","country":null,"value":"闲鱼定向包_20260528_bucket0"}],"description":[],"scale":423523,"status":1,"adsAudienceId":"1779951406791","updateTime":"2026-07-19 18:14:06","coverageCountReal":"42567700"}]}}
2026-07-20 05:36:53,746 [94] ERROR Ad.Web.BackgroudService.MktAudienceFileService - huawei文件 查询人群包状态失败: result={"code":200,"message":"Success","value":{"dmpID":"1953077773933364096","audiences":[{"id":"866959","name":[{"language":"zh","country":null,"value":"闲鱼点击人群_20260525_bucket0"}],"description":[],"scale":832499,"status":0,"adsAudienceId":"1779707070601","updateTime":"2026-07-20 02:17:22","coverageCountReal":"462267"}]}}
2026-07-20 05:36:53,810 [94] ERROR Ad.Web.BackgroudService.MktAudienceFileService - wifi文件 查询人群包状态失败: statusResult={"code":0,"message":"","data":{"crowdId":10023395,"crowdStatus":0,"msg":"待生效","matchType":"OAID-MD5"}}
2026-07-20 05:36:53,819 [94] ERROR Ad.Web.BackgroudService.MktAudienceFileService - wifi文件 查询人群包状态失败: statusResult={"code":0,"message":"","data":{"crowdId":10023331,"crowdStatus":0,"msg":"待生效","matchType":"OAID-MD5"}}
2026-07-20 05:36:53,893 [72] ERROR Ad.Web.BackgroudService.MktAudienceFileService - wifi文件 查询人群包状态失败: statusResult={"code":0,"message":"","data":{"crowdId":10023331,"crowdStatus":0,"msg":"待生效","matchType":"OAID-MD5"}}
2026-07-20 05:36:53,916 [72] ERROR Ad.Web.BackgroudService.MktAudienceFileService - wifi文件 查询人群包状态失败: statusResult={"code":0,"message":"","data":{"crowdId":10023395,"crowdStatus":0,"msg":"待生效","matchType":"OAID-MD5"}}
2026-07-20 05:36:53,940 [72] ERROR Ad.Web.BackgroudService.MktAudienceFileService - wifi文件 查询人群包状态失败: statusResult={"code":0,"message":"","data":{"crowdId":10023337,"crowdStatus":0,"msg":"待生效","matchType":"OAID-MD5"}}
2026-07-20 05:36:53,965 [72] ERROR Ad.Web.BackgroudService.MktAudienceFileService - wifi文件 查询人群包状态失败: statusResult={"code":0,"message":"","data":{"crowdId":10023338,"crowdStatus":0,"msg":"待生效","matchType":"OAID-MD5"}}
2026-07-20 05:36:53,988 [72] ERROR Ad.Web.BackgroudService.MktAudienceFileService - wifi文件 查询人群包状态失败: statusResult={"code":0,"message":"","data":{"crowdId":10023339,"crowdStatus":0,"msg":"待生效","matchType":"OAID-MD5"}}
2026-07-20 05:36:54,011 [72] ERROR Ad.Web.BackgroudService.MktAudienceFileService - wifi文件 查询人群包状态失败: statusResult={"code":0,"message":"","data":{"crowdId":10023340,"crowdStatus":0,"msg":"待生效","matchType":"OAID-MD5"}}
2026-07-20 05:36:54,034 [72] ERROR Ad.Web.BackgroudService.MktAudienceFileService - wifi文件 查询人群包状态失败: statusResult={"code":0,"message":"","data":{"crowdId":10023341,"crowdStatus":0,"msg":"待生效","matchType":"OAID-MD5"}}
2026-07-20 05:36:54,057 [72] ERROR Ad.Web.BackgroudService.MktAudienceFileService - wifi文件 查询人群包状态失败: statusResult={"code":0,"message":"","data":{"crowdId":10023342,"crowdStatus":0,"msg":"待生效","matchType":"OAID-MD5"}}
2026-07-20 05:36:54,080 [72] ERROR Ad.Web.BackgroudService.MktAudienceFileService - wifi文件 查询人群包状态失败: statusResult={"code":0,"message":"","data":{"crowdId":10023343,"crowdStatus":0,"msg":"待生效","matchType":"OAID-MD5"}}
2026-07-20 05:36:54,103 [72] ERROR Ad.Web.BackgroudService.MktAudienceFileService - wifi文件 查询人群包状态失败: statusResult={"code":0,"message":"","data":{"crowdId":10023344,"crowdStatus":0,"msg":"待生效","matchType":"OAID-MD5"}}
2026-07-20 05:36:54,126 [72] ERROR Ad.Web.BackgroudService.MktAudienceFileService - wifi文件 查询人群包状态失败: statusResult={"code":0,"message":"","data":{"crowdId":10023345,"crowdStatus":0,"msg":"待生效","matchType":"OAID-MD5"}}
2026-07-20 05:36:54,295 [72] ERROR Ad.Web.BackgroudService.MktAudienceFileService - wifi文件 查询人群包状态失败: statusResult={"code":0,"message":"","data":{"crowdId":10023346,"crowdStatus":0,"msg":"待生效","matchType":"OAID-MD5"}}
2026-07-20 05:36:54,319 [72] ERROR Ad.Web.BackgroudService.MktAudienceFileService - wifi文件 查询人群包状态失败: statusResult={"code":0,"message":"","data":{"crowdId":10023347,"crowdStatus":0,"msg":"待生效","matchType":"OAID-MD5"}}
2026-07-20 05:36:54,342 [72] ERROR Ad.Web.BackgroudService.MktAudienceFileService - wifi文件 查询人群包状态失败: statusResult={"code":0,"message":"","data":{"crowdId":10023348,"crowdStatus":0,"msg":"待生效","matchType":"OAID-MD5"}}
2026-07-20 05:36:54,365 [72] ERROR Ad.Web.BackgroudService.MktAudienceFileService - wifi文件 查询人群包状态失败: statusResult={"code":0,"message":"","data":{"crowdId":10023349,"crowdStatus":0,"msg":"待生效","matchType":"OAID-MD5"}}
2026-07-20 05:36:54,388 [72] ERROR Ad.Web.BackgroudService.MktAudienceFileService - wifi文件 查询人群包状态失败: statusResult={"code":0,"message":"","data":{"crowdId":10023350,"crowdStatus":0,"msg":"待生效","matchType":"OAID-MD5"}}
2026-07-20 05:36:54,411 [72] ERROR Ad.Web.BackgroudService.MktAudienceFileService - wifi文件 查询人群包状态失败: statusResult={"code":0,"message":"","data":{"crowdId":10023435,"crowdStatus":5,"msg":"待生效","matchType":"OAID-MD5"}}
2026-07-20 05:46:50,779 [173] ERROR Ad.Web.BackgroudService.MktDownloadService - FtpGetFileSize ex.msg:The remote server returned an error: (550) File unavailable (e.g., file not found, no access).
2026-07-20 05:46:52,980 [33] ERROR Ad.Web.BackgroudService.MktAudienceFileService - huawei文件 查询人群包状态失败: result={"code":200,"message":"Success","value":{"dmpID":"1953077773933364096","audiences":[{"id":"866959","name":[{"language":"zh","country":null,"value":"闲鱼点击人群_20260525_bucket0"}],"description":[],"scale":832499,"status":0,"adsAudienceId":"1779707070601","updateTime":"2026-07-20 02:17:22","coverageCountReal":"462267"}]}}
2026-07-20 05:46:53,440 [64] ERROR Ad.Web.BackgroudService.MktAudienceFileService - huawei文件 查询人群包状态失败: result={"code":200,"message":"Success","value":{"dmpID":"1953077773933364096","audiences":[{"id":"203265","name":[{"language":"zh","country":null,"value":"闲鱼定向包_20260528_bucket0"}],"description":[],"scale":423523,"status":1,"adsAudienceId":"1779951406791","updateTime":"2026-07-19 18:14:06","coverageCountReal":"42567700"}]}}
2026-07-20 05:46:53,941 [80] ERROR Ad.Web.BackgroudService.MktAudienceFileService - huawei文件 查询人群包状态失败: result={"code":200,"message":"Success","value":{"dmpID":"1953077773933364096","audiences":[{"id":"866959","name":[{"language":"zh","country":null,"value":"闲鱼点击人群_20260525_bucket0"}],"description":[],"scale":832499,"status":0,"adsAudienceId":"1779707070601","updateTime":"2026-07-20 02:17:22","coverageCountReal":"462267"}]}}
2026-07-20 05:46:54,064 [3] ERROR Ad.Web.BackgroudService.MktAudienceFileService - wifi文件 查询人群包状态失败: statusResult={"code":0,"message":"","data":{"crowdId":10023395,"crowdStatus":0,"msg":"待生效","matchType":"OAID-MD5"}}
2026-07-20 05:46:54,073 [3] ERROR Ad.Web.BackgroudService.MktAudienceFileService - wifi文件 查询人群包状态失败: statusResult={"code":0,"message":"","data":{"crowdId":10023331,"crowdStatus":0,"msg":"待生效","matchType":"OAID-MD5"}}
2026-07-20 05:46:54,147 [64] ERROR Ad.Web.BackgroudService.MktAudienceFileService - wifi文件 查询人群包状态失败: statusResult={"code":0,"message":"","data":{"crowdId":10023331,"crowdStatus":0,"msg":"待生效","matchType":"OAID-MD5"}}
2026-07-20 05:46:54,172 [64] ERROR Ad.Web.BackgroudService.MktAudienceFileService - wifi文件 查询人群包状态失败: statusResult={"code":0,"message":"","data":{"crowdId":10023395,"crowdStatus":0,"msg":"待生效","matchType":"OAID-MD5"}}
2026-07-20 05:46:54,196 [64] ERROR Ad.Web.BackgroudService.MktAudienceFileService - wifi文件 查询人群包状态失败: statusResult={"code":0,"message":"","data":{"crowdId":10023337,"crowdStatus":0,"msg":"待生效","matchType":"OAID-MD5"}}
2026-07-20 05:46:54,219 [64] ERROR Ad.Web.BackgroudService.MktAudienceFileService - wifi文件 查询人群包状态失败: statusResult={"code":0,"message":"","data":{"crowdId":10023338,"crowdStatus":0,"msg":"待生效","matchType":"OAID-MD5"}}
2026-07-20 05:46:54,242 [64] ERROR Ad.Web.BackgroudService.MktAudienceFileService - wifi文件 查询人群包状态失败: statusResult={"code":0,"message":"","data":{"crowdId":10023339,"crowdStatus":0,"msg":"待生效","matchType":"OAID-MD5"}}
2026-07-20 05:46:54,265 [64] ERROR Ad.Web.BackgroudService.MktAudienceFileService - wifi文件 查询人群包状态失败: statusResult={"code":0,"message":"","data":{"crowdId":10023340,"crowdStatus":0,"msg":"待生效","matchType":"OAID-MD5"}}
2026-07-20 05:46:54,288 [64] ERROR Ad.Web.BackgroudService.MktAudienceFileService - wifi文件 查询人群包状态失败: statusResult={"code":0,"message":"","data":{"crowdId":10023341,"crowdStatus":0,"msg":"待生效","matchType":"OAID-MD5"}}
2026-07-20 05:46:54,312 [64] ERROR Ad.Web.BackgroudService.MktAudienceFileService - wifi文件 查询人群包状态失败: statusResult={"code":0,"message":"","data":{"crowdId":10023342,"crowdStatus":0,"msg":"待生效","matchType":"OAID-MD5"}}
2026-07-20 05:46:54,335 [64] ERROR Ad.Web.BackgroudService.MktAudienceFileService - wifi文件 查询人群包状态失败: statusResult={"code":0,"message":"","data":{"crowdId":10023343,"crowdStatus":0,"msg":"待生效","matchType":"OAID-MD5"}}
2026-07-20 05:46:54,358 [64] ERROR Ad.Web.BackgroudService.MktAudienceFileService - wifi文件 查询人群包状态失败: statusResult={"code":0,"message":"","data":{"crowdId":10023344,"crowdStatus":0,"msg":"待生效","matchType":"OAID-MD5"}}
2026-07-20 05:46:54,382 [64] ERROR Ad.Web.BackgroudService.MktAudienceFileService - wifi文件 查询人群包状态失败: statusResult={"code":0,"message":"","data":{"crowdId":10023345,"crowdStatus":0,"msg":"待生效","matchType":"OAID-MD5"}}
2026-07-20 05:46:54,404 [80] ERROR Ad.Web.BackgroudService.MktAudienceFileService - wifi文件 查询人群包状态失败: statusResult={"code":0,"message":"","data":{"crowdId":10023346,"crowdStatus":0,"msg":"待生效","matchType":"OAID-MD5"}}
2026-07-20 05:46:54,428 [80] ERROR Ad.Web.BackgroudService.MktAudienceFileService - wifi文件 查询人群包状态失败: statusResult={"code":0,"message":"","data":{"crowdId":10023347,"crowdStatus":0,"msg":"待生效","matchType":"OAID-MD5"}}
2026-07-20 05:46:54,451 [64] ERROR Ad.Web.BackgroudService.MktAudienceFileService - wifi文件 查询人群包状态失败: statusResult={"code":0,"message":"","data":{"crowdId":10023348,"crowdStatus":0,"msg":"待生效","matchType":"OAID-MD5"}}
2026-07-20 05:46:54,474 [64] ERROR Ad.Web.BackgroudService.MktAudienceFileService - wifi文件 查询人群包状态失败: statusResult={"code":0,"message":"","data":{"crowdId":10023349,"crowdStatus":0,"msg":"待生效","matchType":"OAID-MD5"}}
2026-07-20 05:46:54,498 [3] ERROR Ad.Web.BackgroudService.MktAudienceFileService - wifi文件 查询人群包状态失败: statusResult={"code":0,"message":"","data":{"crowdId":10023350,"crowdStatus":0,"msg":"待生效","matchType":"OAID-MD5"}}
2026-07-20 05:46:54,520 [3] ERROR Ad.Web.BackgroudService.MktAudienceFileService - wifi文件 查询人群包状态失败: statusResult={"code":0,"message":"","data":{"crowdId":10023435,"crowdStatus":5,"msg":"待生效","matchType":"OAID-MD5"}}
2026-07-20 05:56:52,961 [86] ERROR Ad.Web.BackgroudService.MktAudienceFileService - huawei文件 查询人群包状态失败: result={"code":200,"message":"Success","value":{"dmpID":"1953077773933364096","audiences":[{"id":"866959","name":[{"language":"zh","country":null,"value":"闲鱼点击人群_20260525_bucket0"}],"description":[],"scale":832499,"status":0,"adsAudienceId":"1779707070601","updateTime":"2026-07-20 02:17:22","coverageCountReal":"462267"}]}}
2026-07-20 05:56:53,407 [86] ERROR Ad.Web.BackgroudService.MktAudienceFileService - huawei文件 查询人群包状态失败: result={"code":200,"message":"Success","value":{"dmpID":"1953077773933364096","audiences":[{"id":"203265","name":[{"language":"zh","country":null,"value":"闲鱼定向包_20260528_bucket0"}],"description":[],"scale":423523,"status":1,"adsAudienceId":"1779951406791","updateTime":"2026-07-19 18:14:06","coverageCountReal":"42567700"}]}}
2026-07-20 05:56:53,809 [86] ERROR Ad.Web.BackgroudService.MktAudienceFileService - huawei文件 查询人群包状态失败: result={"code":200,"message":"Success","value":{"dmpID":"1953077773933364096","audiences":[{"id":"866959","name":[{"language":"zh","country":null,"value":"闲鱼点击人群_20260525_bucket0"}],"description":[],"scale":832499,"status":0,"adsAudienceId":"1779707070601","updateTime":"2026-07-20 02:17:22","coverageCountReal":"462267"}]}}
2026-07-20 05:56:53,862 [86] ERROR Ad.Web.BackgroudService.MktAudienceFileService - wifi文件 查询人群包状态失败: statusResult={"code":0,"message":"","data":{"crowdId":10023395,"crowdStatus":1,"msg":"待生效","matchType":"OAID-MD5"}}
2026-07-20 05:56:53,873 [86] ERROR Ad.Web.BackgroudService.MktAudienceFileService - wifi文件 查询人群包状态失败: statusResult={"code":0,"message":"","data":{"crowdId":10023331,"crowdStatus":1,"msg":"待生效","matchType":"OAID-MD5"}}
2026-07-20 05:56:53,959 [86] ERROR Ad.Web.BackgroudService.MktAudienceFileService - wifi文件 查询人群包状态失败: statusResult={"code":0,"message":"","data":{"crowdId":10023331,"crowdStatus":1,"msg":"待生效","matchType":"OAID-MD5"}}
2026-07-20 05:56:53,984 [86] ERROR Ad.Web.BackgroudService.MktAudienceFileService - wifi文件 查询人群包状态失败: statusResult={"code":0,"message":"","data":{"crowdId":10023395,"crowdStatus":1,"msg":"待生效","matchType":"OAID-MD5"}}
2026-07-20 05:56:54,009 [86] ERROR Ad.Web.BackgroudService.MktAudienceFileService - wifi文件 查询人群包状态失败: statusResult={"code":0,"message":"","data":{"crowdId":10023337,"crowdStatus":1,"msg":"待生效","matchType":"OAID-MD5"}}
2026-07-20 05:56:54,033 [86] ERROR Ad.Web.BackgroudService.MktAudienceFileService - wifi文件 查询人群包状态失败: statusResult={"code":0,"message":"","data":{"crowdId":10023338,"crowdStatus":1,"msg":"待生效","matchType":"OAID-MD5"}}
2026-07-20 05:56:54,059 [86] ERROR Ad.Web.BackgroudService.MktAudienceFileService - wifi文件 查询人群包状态失败: statusResult={"code":0,"message":"","data":{"crowdId":10023339,"crowdStatus":1,"msg":"待生效","matchType":"OAID-MD5"}}
2026-07-20 05:56:54,083 [86] ERROR Ad.Web.BackgroudService.MktAudienceFileService - wifi文件 查询人群包状态失败: statusResult={"code":0,"message":"","data":{"crowdId":10023340,"crowdStatus":1,"msg":"待生效","matchType":"OAID-MD5"}}
2026-07-20 05:56:54,107 [86] ERROR Ad.Web.BackgroudService.MktAudienceFileService - wifi文件 查询人群包状态失败: statusResult={"code":0,"message":"","data":{"crowdId":10023341,"crowdStatus":1,"msg":"待生效","matchType":"OAID-MD5"}}
2026-07-20 05:56:54,131 [86] ERROR Ad.Web.BackgroudService.MktAudienceFileService - wifi文件 查询人群包状态失败: statusResult={"code":0,"message":"","data":{"crowdId":10023342,"crowdStatus":1,"msg":"待生效","matchType":"OAID-MD5"}}
2026-07-20 05:56:54,156 [86] ERROR Ad.Web.BackgroudService.MktAudienceFileService - wifi文件 查询人群包状态失败: statusResult={"code":0,"message":"","data":{"crowdId":10023343,"crowdStatus":1,"msg":"待生效","matchType":"OAID-MD5"}}
2026-07-20 05:56:54,180 [86] ERROR Ad.Web.BackgroudService.MktAudienceFileService - wifi文件 查询人群包状态失败: statusResult={"code":0,"message":"","data":{"crowdId":10023344,"crowdStatus":1,"msg":"待生效","matchType":"OAID-MD5"}}
2026-07-20 05:56:54,204 [86] ERROR Ad.Web.BackgroudService.MktAudienceFileService - wifi文件 查询人群包状态失败: statusResult={"code":0,"message":"","data":{"crowdId":10023345,"crowdStatus":1,"msg":"待生效","matchType":"OAID-MD5"}}
2026-07-20 05:56:54,229 [86] ERROR Ad.Web.BackgroudService.MktAudienceFileService - wifi文件 查询人群包状态失败: statusResult={"code":0,"message":"","data":{"crowdId":10023346,"crowdStatus":1,"msg":"待生效","matchType":"OAID-MD5"}}
2026-07-20 05:56:54,254 [86] ERROR Ad.Web.BackgroudService.MktAudienceFileService - wifi文件 查询人群包状态失败: statusResult={"code":0,"message":"","data":{"crowdId":10023347,"crowdStatus":1,"msg":"待生效","matchType":"OAID-MD5"}}
2026-07-20 05:56:54,279 [86] ERROR Ad.Web.BackgroudService.MktAudienceFileService - wifi文件 查询人群包状态失败: statusResult={"code":0,"message":"","data":{"crowdId":10023348,"crowdStatus":1,"msg":"待生效","matchType":"OAID-MD5"}}
2026-07-20 05:56:54,303 [86] ERROR Ad.Web.BackgroudService.MktAudienceFileService - wifi文件 查询人群包状态失败: statusResult={"code":0,"message":"","data":{"crowdId":10023349,"crowdStatus":1,"msg":"待生效","matchType":"OAID-MD5"}}
2026-07-20 05:56:54,327 [86] ERROR Ad.Web.BackgroudService.MktAudienceFileService - wifi文件 查询人群包状态失败: statusResult={"code":0,"message":"","data":{"crowdId":10023350,"crowdStatus":1,"msg":"待生效","matchType":"OAID-MD5"}}
2026-07-20 05:56:54,351 [86] ERROR Ad.Web.BackgroudService.MktAudienceFileService - wifi文件 查询人群包状态失败: statusResult={"code":0,"message":"","data":{"crowdId":10023435,"crowdStatus":5,"msg":"待生效","matchType":"OAID-MD5"}}
2026-07-20 06:06:52,686 [155] ERROR Ad.Web.BackgroudService.MktAudienceFileService - huawei文件 查询人群包状态失败: result={"code":200,"message":"Success","value":{"dmpID":"1953077773933364096","audiences":[{"id":"866959","name":[{"language":"zh","country":null,"value":"闲鱼点击人群_20260525_bucket0"}],"description":[],"scale":832499,"status":0,"adsAudienceId":"1779707070601","updateTime":"2026-07-20 02:17:22","coverageCountReal":"462267"}]}}
2026-07-20 06:06:53,123 [155] ERROR Ad.Web.BackgroudService.MktAudienceFileService - huawei文件 查询人群包状态失败: result={"code":200,"message":"Success","value":{"dmpID":"1953077773933364096","audiences":[{"id":"203265","name":[{"language":"zh","country":null,"value":"闲鱼定向包_20260528_bucket0"}],"description":[],"scale":423523,"status":1,"adsAudienceId":"1779951406791","updateTime":"2026-07-19 18:14:06","coverageCountReal":"42567700"}]}}
2026-07-20 06:06:53,526 [155] ERROR Ad.Web.BackgroudService.MktAudienceFileService - huawei文件 查询人群包状态失败: result={"code":200,"message":"Success","value":{"dmpID":"1953077773933364096","audiences":[{"id":"866959","name":[{"language":"zh","country":null,"value":"闲鱼点击人群_20260525_bucket0"}],"description":[],"scale":832499,"status":0,"adsAudienceId":"1779707070601","updateTime":"2026-07-20 02:17:22","coverageCountReal":"462267"}]}}
2026-07-20 06:06:53,643 [155] ERROR Ad.Web.BackgroudService.MktAudienceFileService - wifi文件 查询人群包状态失败: statusResult={"code":0,"message":"","data":{"crowdId":10023331,"crowdStatus":1,"msg":"待生效","matchType":"OAID-MD5"}}
2026-07-20 06:06:53,667 [155] ERROR Ad.Web.BackgroudService.MktAudienceFileService - wifi文件 查询人群包状态失败: statusResult={"code":0,"message":"","data":{"crowdId":10023395,"crowdStatus":1,"msg":"待生效","matchType":"OAID-MD5"}}
2026-07-20 06:06:53,691 [155] ERROR Ad.Web.BackgroudService.MktAudienceFileService - wifi文件 查询人群包状态失败: statusResult={"code":0,"message":"","data":{"crowdId":10023337,"crowdStatus":1,"msg":"待生效","matchType":"OAID-MD5"}}
2026-07-20 06:06:53,714 [155] ERROR Ad.Web.BackgroudService.MktAudienceFileService - wifi文件 查询人群包状态失败: statusResult={"code":0,"message":"","data":{"crowdId":10023338,"crowdStatus":1,"msg":"待生效","matchType":"OAID-MD5"}}
2026-07-20 06:06:53,741 [155] ERROR Ad.Web.BackgroudService.MktAudienceFileService - wifi文件 查询人群包状态失败: statusResult={"code":0,"message":"","data":{"crowdId":10023339,"crowdStatus":1,"msg":"待生效","matchType":"OAID-MD5"}}
2026-07-20 06:06:53,834 [155] ERROR Ad.Web.BackgroudService.MktAudienceFileService - wifi文件 查询人群包状态失败: statusResult={"code":0,"message":"","data":{"crowdId":10023340,"crowdStatus":1,"msg":"待生效","matchType":"OAID-MD5"}}
2026-07-20 06:06:53,856 [155] ERROR Ad.Web.BackgroudService.MktAudienceFileService - wifi文件 查询人群包状态失败: statusResult={"code":0,"message":"","data":{"crowdId":10023341,"crowdStatus":1,"msg":"待生效","matchType":"OAID-MD5"}}
2026-07-20 06:06:53,879 [155] ERROR Ad.Web.BackgroudService.MktAudienceFileService - wifi文件 查询人群包状态失败: statusResult={"code":0,"message":"","data":{"crowdId":10023342,"crowdStatus":1,"msg":"待生效","matchType":"OAID-MD5"}}
2026-07-20 06:06:53,902 [155] ERROR Ad.Web.BackgroudService.MktAudienceFileService - wifi文件 查询人群包状态失败: statusResult={"code":0,"message":"","data":{"crowdId":10023343,"crowdStatus":1,"msg":"待生效","matchType":"OAID-MD5"}}
2026-07-20 06:06:53,925 [155] ERROR Ad.Web.BackgroudService.MktAudienceFileService - wifi文件 查询人群包状态失败: statusResult={"code":0,"message":"","data":{"crowdId":10023344,"crowdStatus":1,"msg":"待生效","matchType":"OAID-MD5"}}
2026-07-20 06:06:53,947 [155] ERROR Ad.Web.BackgroudService.MktAudienceFileService - wifi文件 查询人群包状态失败: statusResult={"code":0,"message":"","data":{"crowdId":10023345,"crowdStatus":1,"msg":"待生效","matchType":"OAID-MD5"}}
2026-07-20 06:06:53,970 [155] ERROR Ad.Web.BackgroudService.MktAudienceFileService - wifi文件 查询人群包状态失败: statusResult={"code":0,"message":"","data":{"crowdId":10023346,"crowdStatus":1,"msg":"待生效","matchType":"OAID-MD5"}}
2026-07-20 06:06:53,993 [155] ERROR Ad.Web.BackgroudService.MktAudienceFileService - wifi文件 查询人群包状态失败: statusResult={"code":0,"message":"","data":{"crowdId":10023347,"crowdStatus":1,"msg":"待生效","matchType":"OAID-MD5"}}
2026-07-20 06:06:54,016 [155] ERROR Ad.Web.BackgroudService.MktAudienceFileService - wifi文件 查询人群包状态失败: statusResult={"code":0,"message":"","data":{"crowdId":10023348,"crowdStatus":1,"msg":"待生效","matchType":"OAID-MD5"}}
2026-07-20 06:06:54,038 [155] ERROR Ad.Web.BackgroudService.MktAudienceFileService - wifi文件 查询人群包状态失败: statusResult={"code":0,"message":"","data":{"crowdId":10023349,"crowdStatus":1,"msg":"待生效","matchType":"OAID-MD5"}}
2026-07-20 06:06:54,061 [155] ERROR Ad.Web.BackgroudService.MktAudienceFileService - wifi文件 查询人群包状态失败: statusResult={"code":0,"message":"","data":{"crowdId":10023350,"crowdStatus":1,"msg":"待生效","matchType":"OAID-MD5"}}
2026-07-20 06:06:54,085 [155] ERROR Ad.Web.BackgroudService.MktAudienceFileService - wifi文件 查询人群包状态失败: statusResult={"code":0,"message":"","data":{"crowdId":10023435,"crowdStatus":5,"msg":"待生效","matchType":"OAID-MD5"}}
2026-07-20 06:16:50,740 [109] ERROR Ad.Web.BackgroudService.MktDownloadService - FtpGetFileSize ex.msg:The remote server returned an error: (550) File unavailable (e.g., file not found, no access).
2026-07-20 06:16:53,004 [92] ERROR Ad.Web.BackgroudService.MktAudienceFileService - huawei文件 查询人群包状态失败: result={"code":200,"message":"Success","value":{"dmpID":"1953077773933364096","audiences":[{"id":"866959","name":[{"language":"zh","country":null,"value":"闲鱼点击人群_20260525_bucket0"}],"description":[],"scale":832499,"status":0,"adsAudienceId":"1779707070601","updateTime":"2026-07-20 02:17:22","coverageCountReal":"462267"}]}}
2026-07-20 06:16:53,457 [180] ERROR Ad.Web.BackgroudService.MktAudienceFileService - huawei文件 查询人群包状态失败: result={"code":200,"message":"Success","value":{"dmpID":"1953077773933364096","audiences":[{"id":"203265","name":[{"language":"zh","country":null,"value":"闲鱼定向包_20260528_bucket0"}],"description":[],"scale":423523,"status":1,"adsAudienceId":"1779951406791","updateTime":"2026-07-19 18:14:06","coverageCountReal":"42567700"}]}}
2026-07-20 06:16:53,859 [180] ERROR Ad.Web.BackgroudService.MktAudienceFileService - huawei文件 查询人群包状态失败: result={"code":200,"message":"Success","value":{"dmpID":"1953077773933364096","audiences":[{"id":"866959","name":[{"language":"zh","country":null,"value":"闲鱼点击人群_20260525_bucket0"}],"description":[],"scale":832499,"status":0,"adsAudienceId":"1779707070601","updateTime":"2026-07-20 02:17:22","coverageCountReal":"462267"}]}}
2026-07-20 06:16:53,975 [134] ERROR Ad.Web.BackgroudService.MktAudienceFileService - wifi文件 查询人群包状态失败: statusResult={"code":0,"message":"","data":{"crowdId":10023331,"crowdStatus":1,"msg":"待生效","matchType":"OAID-MD5"}}
2026-07-20 06:16:54,000 [135] ERROR Ad.Web.BackgroudService.MktAudienceFileService - wifi文件 查询人群包状态失败: statusResult={"code":0,"message":"","data":{"crowdId":10023395,"crowdStatus":1,"msg":"待生效","matchType":"OAID-MD5"}}
2026-07-20 06:16:54,031 [135] ERROR Ad.Web.BackgroudService.MktAudienceFileService - wifi文件 查询人群包状态失败: statusResult={"code":0,"message":"","data":{"crowdId":10023337,"crowdStatus":1,"msg":"待生效","matchType":"OAID-MD5"}}
2026-07-20 06:16:54,054 [135] ERROR Ad.Web.BackgroudService.MktAudienceFileService - wifi文件 查询人群包状态失败: statusResult={"code":0,"message":"","data":{"crowdId":10023338,"crowdStatus":1,"msg":"待生效","matchType":"OAID-MD5"}}
2026-07-20 06:16:54,077 [135] ERROR Ad.Web.BackgroudService.MktAudienceFileService - wifi文件 查询人群包状态失败: statusResult={"code":0,"message":"","data":{"crowdId":10023339,"crowdStatus":1,"msg":"待生效","matchType":"OAID-MD5"}}
2026-07-20 06:16:54,102 [105] ERROR Ad.Web.BackgroudService.MktAudienceFileService - wifi文件 查询人群包状态失败: statusResult={"code":0,"message":"","data":{"crowdId":10023340,"crowdStatus":1,"msg":"待生效","matchType":"OAID-MD5"}}
2026-07-20 06:16:54,126 [105] ERROR Ad.Web.BackgroudService.MktAudienceFileService - wifi文件 查询人群包状态失败: statusResult={"code":0,"message":"","data":{"crowdId":10023341,"crowdStatus":1,"msg":"待生效","matchType":"OAID-MD5"}}
2026-07-20 06:16:54,149 [105] ERROR Ad.Web.BackgroudService.MktAudienceFileService - wifi文件 查询人群包状态失败: statusResult={"code":0,"message":"","data":{"crowdId":10023342,"crowdStatus":1,"msg":"待生效","matchType":"OAID-MD5"}}
2026-07-20 06:16:54,172 [135] ERROR Ad.Web.BackgroudService.MktAudienceFileService - wifi文件 查询人群包状态失败: statusResult={"code":0,"message":"","data":{"crowdId":10023343,"crowdStatus":1,"msg":"待生效","matchType":"OAID-MD5"}}
2026-07-20 06:16:54,195 [135] ERROR Ad.Web.BackgroudService.MktAudienceFileService - wifi文件 查询人群包状态失败: statusResult={"code":0,"message":"","data":{"crowdId":10023344,"crowdStatus":1,"msg":"待生效","matchType":"OAID-MD5"}}
2026-07-20 06:16:54,219 [180] ERROR Ad.Web.BackgroudService.MktAudienceFileService - wifi文件 查询人群包状态失败: statusResult={"code":0,"message":"","data":{"crowdId":10023345,"crowdStatus":1,"msg":"待生效","matchType":"OAID-MD5"}}
2026-07-20 06:16:54,241 [135] ERROR Ad.Web.BackgroudService.MktAudienceFileService - wifi文件 查询人群包状态失败: statusResult={"code":0,"message":"","data":{"crowdId":10023346,"crowdStatus":1,"msg":"待生效","matchType":"OAID-MD5"}}
2026-07-20 06:16:54,264 [105] ERROR Ad.Web.BackgroudService.MktAudienceFileService - wifi文件 查询人群包状态失败: statusResult={"code":0,"message":"","data":{"crowdId":10023347,"crowdStatus":1,"msg":"待生效","matchType":"OAID-MD5"}}
2026-07-20 06:16:54,288 [105] ERROR Ad.Web.BackgroudService.MktAudienceFileService - wifi文件 查询人群包状态失败: statusResult={"code":0,"message":"","data":{"crowdId":10023348,"crowdStatus":1,"msg":"待生效","matchType":"OAID-MD5"}}
2026-07-20 06:16:54,312 [105] ERROR Ad.Web.BackgroudService.MktAudienceFileService - wifi文件 查询人群包状态失败: statusResult={"code":0,"message":"","data":{"crowdId":10023349,"crowdStatus":1,"msg":"待生效","matchType":"OAID-MD5"}}
2026-07-20 06:16:54,335 [105] ERROR Ad.Web.BackgroudService.MktAudienceFileService - wifi文件 查询人群包状态失败: statusResult={"code":0,"message":"","data":{"crowdId":10023350,"crowdStatus":1,"msg":"待生效","matchType":"OAID-MD5"}}
2026-07-20 06:16:54,358 [105] ERROR Ad.Web.BackgroudService.MktAudienceFileService - wifi文件 查询人群包状态失败: statusResult={"code":0,"message":"","data":{"crowdId":10023435,"crowdStatus":5,"msg":"待生效","matchType":"OAID-MD5"}}
2026-07-20 06:26:52,872 [207] ERROR Ad.Web.BackgroudService.MktAudienceFileService - huawei文件 查询人群包状态失败: result={"code":200,"message":"Success","value":{"dmpID":"1953077773933364096","audiences":[{"id":"866959","name":[{"language":"zh","country":null,"value":"闲鱼点击人群_20260525_bucket0"}],"description":[],"scale":832499,"status":0,"adsAudienceId":"1779707070601","updateTime":"2026-07-20 02:17:22","coverageCountReal":"462267"}]}}
2026-07-20 06:26:53,334 [207] ERROR Ad.Web.BackgroudService.MktAudienceFileService - huawei文件 查询人群包状态失败: result={"code":200,"message":"Success","value":{"dmpID":"1953077773933364096","audiences":[{"id":"203265","name":[{"language":"zh","country":null,"value":"闲鱼定向包_20260528_bucket0"}],"description":[],"scale":423523,"status":1,"adsAudienceId":"1779951406791","updateTime":"2026-07-19 18:14:06","coverageCountReal":"42567700"}]}}
2026-07-20 06:26:53,731 [207] ERROR Ad.Web.BackgroudService.MktAudienceFileService - huawei文件 查询人群包状态失败: result={"code":200,"message":"Success","value":{"dmpID":"1953077773933364096","audiences":[{"id":"866959","name":[{"language":"zh","country":null,"value":"闲鱼点击人群_20260525_bucket0"}],"description":[],"scale":832499,"status":0,"adsAudienceId":"1779707070601","updateTime":"2026-07-20 02:17:22","coverageCountReal":"462267"}]}}
2026-07-20 06:26:53,849 [207] ERROR Ad.Web.BackgroudService.MktAudienceFileService - wifi文件 查询人群包状态失败: statusResult={"code":0,"message":"","data":{"crowdId":10023331,"crowdStatus":1,"msg":"待生效","matchType":"OAID-MD5"}}
2026-07-20 06:26:53,880 [207] ERROR Ad.Web.BackgroudService.MktAudienceFileService - wifi文件 查询人群包状态失败: statusResult={"code":0,"message":"","data":{"crowdId":10023395,"crowdStatus":1,"msg":"待生效","matchType":"OAID-MD5"}}
2026-07-20 06:26:53,905 [207] ERROR Ad.Web.BackgroudService.MktAudienceFileService - wifi文件 查询人群包状态失败: statusResult={"code":0,"message":"","data":{"crowdId":10023337,"crowdStatus":1,"msg":"待生效","matchType":"OAID-MD5"}}
2026-07-20 06:26:53,929 [207] ERROR Ad.Web.BackgroudService.MktAudienceFileService - wifi文件 查询人群包状态失败: statusResult={"code":0,"message":"","data":{"crowdId":10023338,"crowdStatus":1,"msg":"待生效","matchType":"OAID-MD5"}}
2026-07-20 06:26:53,955 [207] ERROR Ad.Web.BackgroudService.MktAudienceFileService - wifi文件 查询人群包状态失败: statusResult={"code":0,"message":"","data":{"crowdId":10023339,"crowdStatus":1,"msg":"待生效","matchType":"OAID-MD5"}}
2026-07-20 06:26:53,978 [207] ERROR Ad.Web.BackgroudService.MktAudienceFileService - wifi文件 查询人群包状态失败: statusResult={"code":0,"message":"","data":{"crowdId":10023340,"crowdStatus":1,"msg":"待生效","matchType":"OAID-MD5"}}
2026-07-20 06:26:54,002 [207] ERROR Ad.Web.BackgroudService.MktAudienceFileService - wifi文件 查询人群包状态失败: statusResult={"code":0,"message":"","data":{"crowdId":10023341,"crowdStatus":1,"msg":"待生效","matchType":"OAID-MD5"}}
2026-07-20 06:26:54,025 [207] ERROR Ad.Web.BackgroudService.MktAudienceFileService - wifi文件 查询人群包状态失败: statusResult={"code":0,"message":"","data":{"crowdId":10023342,"crowdStatus":1,"msg":"待生效","matchType":"OAID-MD5"}}
2026-07-20 06:26:54,048 [207] ERROR Ad.Web.BackgroudService.MktAudienceFileService - wifi文件 查询人群包状态失败: statusResult={"code":0,"message":"","data":{"crowdId":10023343,"crowdStatus":1,"msg":"待生效","matchType":"OAID-MD5"}}
2026-07-20 06:26:54,071 [207] ERROR Ad.Web.BackgroudService.MktAudienceFileService - wifi文件 查询人群包状态失败: statusResult={"code":0,"message":"","data":{"crowdId":10023344,"crowdStatus":1,"msg":"待生效","matchType":"OAID-MD5"}}
2026-07-20 06:26:54,095 [207] ERROR Ad.Web.BackgroudService.MktAudienceFileService - wifi文件 查询人群包状态失败: statusResult={"code":0,"message":"","data":{"crowdId":10023345,"crowdStatus":1,"msg":"待生效","matchType":"OAID-MD5"}}
2026-07-20 06:26:54,118 [207] ERROR Ad.Web.BackgroudService.MktAudienceFileService - wifi文件 查询人群包状态失败: statusResult={"code":0,"message":"","data":{"crowdId":10023346,"crowdStatus":1,"msg":"待生效","matchType":"OAID-MD5"}}
2026-07-20 06:26:54,141 [207] ERROR Ad.Web.BackgroudService.MktAudienceFileService - wifi文件 查询人群包状态失败: statusResult={"code":0,"message":"","data":{"crowdId":10023347,"crowdStatus":1,"msg":"待生效","matchType":"OAID-MD5"}}
2026-07-20 06:26:54,165 [207] ERROR Ad.Web.BackgroudService.MktAudienceFileService - wifi文件 查询人群包状态失败: statusResult={"code":0,"message":"","data":{"crowdId":10023348,"crowdStatus":1,"msg":"待生效","matchType":"OAID-MD5"}}
2026-07-20 06:26:54,189 [207] ERROR Ad.Web.BackgroudService.MktAudienceFileService - wifi文件 查询人群包状态失败: statusResult={"code":0,"message":"","data":{"crowdId":10023349,"crowdStatus":1,"msg":"待生效","matchType":"OAID-MD5"}}
2026-07-20 06:26:54,212 [207] ERROR Ad.Web.BackgroudService.MktAudienceFileService - wifi文件 查询人群包状态失败: statusResult={"code":0,"message":"","data":{"crowdId":10023350,"crowdStatus":1,"msg":"待生效","matchType":"OAID-MD5"}}
2026-07-20 06:26:54,236 [207] ERROR Ad.Web.BackgroudService.MktAudienceFileService - wifi文件 查询人群包状态失败: statusResult={"code":0,"message":"","data":{"crowdId":10023435,"crowdStatus":5,"msg":"待生效","matchType":"OAID-MD5"}}
2026-07-20 06:36:52,896 [192] ERROR Ad.Web.BackgroudService.MktAudienceFileService - huawei文件 查询人群包状态失败: result={"code":200,"message":"Success","value":{"dmpID":"1953077773933364096","audiences":[{"id":"866959","name":[{"language":"zh","country":null,"value":"闲鱼点击人群_20260525_bucket0"}],"description":[],"scale":832499,"status":0,"adsAudienceId":"1779707070601","updateTime":"2026-07-20 02:17:22","coverageCountReal":"462267"}]}}
2026-07-20 06:36:53,351 [192] ERROR Ad.Web.BackgroudService.MktAudienceFileService - huawei文件 查询人群包状态失败: result={"code":200,"message":"Success","value":{"dmpID":"1953077773933364096","audiences":[{"id":"203265","name":[{"language":"zh","country":null,"value":"闲鱼定向包_20260528_bucket0"}],"description":[],"scale":423523,"status":1,"adsAudienceId":"1779951406791","updateTime":"2026-07-19 18:14:06","coverageCountReal":"42567700"}]}}
2026-07-20 06:36:53,792 [192] ERROR Ad.Web.BackgroudService.MktAudienceFileService - huawei文件 查询人群包状态失败: result={"code":200,"message":"Success","value":{"dmpID":"1953077773933364096","audiences":[{"id":"866959","name":[{"language":"zh","country":null,"value":"闲鱼点击人群_20260525_bucket0"}],"description":[],"scale":832499,"status":0,"adsAudienceId":"1779707070601","updateTime":"2026-07-20 02:17:22","coverageCountReal":"462267"}]}}
2026-07-20 06:36:53,913 [195] ERROR Ad.Web.BackgroudService.MktAudienceFileService - wifi文件 查询人群包状态失败: statusResult={"code":0,"message":"","data":{"crowdId":10023331,"crowdStatus":1,"msg":"待生效","matchType":"OAID-MD5"}}
2026-07-20 06:36:53,938 [195] ERROR Ad.Web.BackgroudService.MktAudienceFileService - wifi文件 查询人群包状态失败: statusResult={"code":0,"message":"","data":{"crowdId":10023395,"crowdStatus":1,"msg":"待生效","matchType":"OAID-MD5"}}
2026-07-20 06:36:53,962 [195] ERROR Ad.Web.BackgroudService.MktAudienceFileService - wifi文件 查询人群包状态失败: statusResult={"code":0,"message":"","data":{"crowdId":10023337,"crowdStatus":1,"msg":"待生效","matchType":"OAID-MD5"}}
2026-07-20 06:36:53,990 [195] ERROR Ad.Web.BackgroudService.MktAudienceFileService - wifi文件 查询人群包状态失败: statusResult={"code":0,"message":"","data":{"crowdId":10023338,"crowdStatus":1,"msg":"待生效","matchType":"OAID-MD5"}}
2026-07-20 06:36:54,013 [195] ERROR Ad.Web.BackgroudService.MktAudienceFileService - wifi文件 查询人群包状态失败: statusResult={"code":0,"message":"","data":{"crowdId":10023339,"crowdStatus":1,"msg":"待生效","matchType":"OAID-MD5"}}
2026-07-20 06:36:54,037 [195] ERROR Ad.Web.BackgroudService.MktAudienceFileService - wifi文件 查询人群包状态失败: statusResult={"code":0,"message":"","data":{"crowdId":10023340,"crowdStatus":1,"msg":"待生效","matchType":"OAID-MD5"}}
2026-07-20 06:36:54,060 [193] ERROR Ad.Web.BackgroudService.MktAudienceFileService - wifi文件 查询人群包状态失败: statusResult={"code":0,"message":"","data":{"crowdId":10023341,"crowdStatus":1,"msg":"待生效","matchType":"OAID-MD5"}}
2026-07-20 06:36:54,083 [193] ERROR Ad.Web.BackgroudService.MktAudienceFileService - wifi文件 查询人群包状态失败: statusResult={"code":0,"message":"","data":{"crowdId":10023342,"crowdStatus":1,"msg":"待生效","matchType":"OAID-MD5"}}
2026-07-20 06:36:54,107 [193] ERROR Ad.Web.BackgroudService.MktAudienceFileService - wifi文件 查询人群包状态失败: statusResult={"code":0,"message":"","data":{"crowdId":10023343,"crowdStatus":1,"msg":"待生效","matchType":"OAID-MD5"}}
2026-07-20 06:36:54,130 [193] ERROR Ad.Web.BackgroudService.MktAudienceFileService - wifi文件 查询人群包状态失败: statusResult={"code":0,"message":"","data":{"crowdId":10023344,"crowdStatus":1,"msg":"待生效","matchType":"OAID-MD5"}}
2026-07-20 06:36:54,154 [193] ERROR Ad.Web.BackgroudService.MktAudienceFileService - wifi文件 查询人群包状态失败: statusResult={"code":0,"message":"","data":{"crowdId":10023345,"crowdStatus":1,"msg":"待生效","matchType":"OAID-MD5"}}
2026-07-20 06:36:54,176 [193] ERROR Ad.Web.BackgroudService.MktAudienceFileService - wifi文件 查询人群包状态失败: statusResult={"code":0,"message":"","data":{"crowdId":10023346,"crowdStatus":1,"msg":"待生效","matchType":"OAID-MD5"}}
2026-07-20 06:36:54,200 [195] ERROR Ad.Web.BackgroudService.MktAudienceFileService - wifi文件 查询人群包状态失败: statusResult={"code":0,"message":"","data":{"crowdId":10023347,"crowdStatus":1,"msg":"待生效","matchType":"OAID-MD5"}}
2026-07-20 06:36:54,223 [195] ERROR Ad.Web.BackgroudService.MktAudienceFileService - wifi文件 查询人群包状态失败: statusResult={"code":0,"message":"","data":{"crowdId":10023348,"crowdStatus":1,"msg":"待生效","matchType":"OAID-MD5"}}
2026-07-20 06:36:54,247 [195] ERROR Ad.Web.BackgroudService.MktAudienceFileService - wifi文件 查询人群包状态失败: statusResult={"code":0,"message":"","data":{"crowdId":10023349,"crowdStatus":1,"msg":"待生效","matchType":"OAID-MD5"}}
2026-07-20 06:36:54,270 [195] ERROR Ad.Web.BackgroudService.MktAudienceFileService - wifi文件 查询人群包状态失败: statusResult={"code":0,"message":"","data":{"crowdId":10023350,"crowdStatus":1,"msg":"待生效","matchType":"OAID-MD5"}}
2026-07-20 06:36:54,293 [195] ERROR Ad.Web.BackgroudService.MktAudienceFileService - wifi文件 查询人群包状态失败: statusResult={"code":0,"message":"","data":{"crowdId":10023435,"crowdStatus":5,"msg":"待生效","matchType":"OAID-MD5"}}
2026-07-20 06:46:50,716 [162] ERROR Ad.Web.BackgroudService.MktDownloadService - FtpGetFileSize ex.msg:The remote server returned an error: (550) File unavailable (e.g., file not found, no access).
2026-07-20 06:46:52,899 [156] ERROR Ad.Web.BackgroudService.MktAudienceFileService - huawei文件 查询人群包状态失败: result={"code":200,"message":"Success","value":{"dmpID":"1953077773933364096","audiences":[{"id":"866959","name":[{"language":"zh","country":null,"value":"闲鱼点击人群_20260525_bucket0"}],"description":[],"scale":832499,"status":1,"adsAudienceId":"1779707070601","updateTime":"2026-07-20 06:38:45","coverageCountReal":"471104"}]}}
2026-07-20 06:46:53,565 [156] ERROR Ad.Web.BackgroudService.MktAudienceFileService - huawei文件 查询人群包状态失败: result={"code":200,"message":"Success","value":{"dmpID":"1953077773933364096","audiences":[{"id":"203265","name":[{"language":"zh","country":null,"value":"闲鱼定向包_20260528_bucket0"}],"description":[],"scale":423523,"status":1,"adsAudienceId":"1779951406791","updateTime":"2026-07-19 18:14:06","coverageCountReal":"42567700"}]}}
2026-07-20 06:46:53,950 [156] ERROR Ad.Web.BackgroudService.MktAudienceFileService - huawei文件 查询人群包状态失败: result={"code":200,"message":"Success","value":{"dmpID":"1953077773933364096","audiences":[{"id":"866959","name":[{"language":"zh","country":null,"value":"闲鱼点击人群_20260525_bucket0"}],"description":[],"scale":832499,"status":1,"adsAudienceId":"1779707070601","updateTime":"2026-07-20 06:38:45","coverageCountReal":"471104"}]}}
2026-07-20 06:46:54,068 [161] ERROR Ad.Web.BackgroudService.MktAudienceFileService - wifi文件 查询人群包状态失败: statusResult={"code":0,"message":"","data":{"crowdId":10023331,"crowdStatus":1,"msg":"待生效","matchType":"OAID-MD5"}}
2026-07-20 06:46:54,100 [161] ERROR Ad.Web.BackgroudService.MktAudienceFileService - wifi文件 查询人群包状态失败: statusResult={"code":0,"message":"","data":{"crowdId":10023395,"crowdStatus":1,"msg":"待生效","matchType":"OAID-MD5"}}
2026-07-20 06:46:54,124 [161] ERROR Ad.Web.BackgroudService.MktAudienceFileService - wifi文件 查询人群包状态失败: statusResult={"code":0,"message":"","data":{"crowdId":10023337,"crowdStatus":1,"msg":"待生效","matchType":"OAID-MD5"}}
2026-07-20 06:46:54,148 [161] ERROR Ad.Web.BackgroudService.MktAudienceFileService - wifi文件 查询人群包状态失败: statusResult={"code":0,"message":"","data":{"crowdId":10023338,"crowdStatus":1,"msg":"待生效","matchType":"OAID-MD5"}}
2026-07-20 06:46:54,172 [161] ERROR Ad.Web.BackgroudService.MktAudienceFileService - wifi文件 查询人群包状态失败: statusResult={"code":0,"message":"","data":{"crowdId":10023339,"crowdStatus":1,"msg":"待生效","matchType":"OAID-MD5"}}
2026-07-20 06:46:54,196 [161] ERROR Ad.Web.BackgroudService.MktAudienceFileService - wifi文件 查询人群包状态失败: statusResult={"code":0,"message":"","data":{"crowdId":10023340,"crowdStatus":1,"msg":"待生效","matchType":"OAID-MD5"}}
2026-07-20 06:46:54,219 [161] ERROR Ad.Web.BackgroudService.MktAudienceFileService - wifi文件 查询人群包状态失败: statusResult={"code":0,"message":"","data":{"crowdId":10023341,"crowdStatus":1,"msg":"待生效","matchType":"OAID-MD5"}}
2026-07-20 06:46:54,242 [161] ERROR Ad.Web.BackgroudService.MktAudienceFileService - wifi文件 查询人群包状态失败: statusResult={"code":0,"message":"","data":{"crowdId":10023342,"crowdStatus":1,"msg":"待生效","matchType":"OAID-MD5"}}
2026-07-20 06:46:54,264 [161] ERROR Ad.Web.BackgroudService.MktAudienceFileService - wifi文件 查询人群包状态失败: statusResult={"code":0,"message":"","data":{"crowdId":10023343,"crowdStatus":1,"msg":"待生效","matchType":"OAID-MD5"}}
2026-07-20 06:46:54,288 [161] ERROR Ad.Web.BackgroudService.MktAudienceFileService - wifi文件 查询人群包状态失败: statusResult={"code":0,"message":"","data":{"crowdId":10023344,"crowdStatus":1,"msg":"待生效","matchType":"OAID-MD5"}}
2026-07-20 06:46:54,311 [161] ERROR Ad.Web.BackgroudService.MktAudienceFileService - wifi文件 查询人群包状态失败: statusResult={"code":0,"message":"","data":{"crowdId":10023345,"crowdStatus":1,"msg":"待生效","matchType":"OAID-MD5"}}
2026-07-20 06:46:54,334 [161] ERROR Ad.Web.BackgroudService.MktAudienceFileService - wifi文件 查询人群包状态失败: statusResult={"code":0,"message":"","data":{"crowdId":10023346,"crowdStatus":1,"msg":"待生效","matchType":"OAID-MD5"}}
2026-07-20 06:46:54,357 [161] ERROR Ad.Web.BackgroudService.MktAudienceFileService - wifi文件 查询人群包状态失败: statusResult={"code":0,"message":"","data":{"crowdId":10023347,"crowdStatus":1,"msg":"待生效","matchType":"OAID-MD5"}}
2026-07-20 06:46:54,380 [161] ERROR Ad.Web.BackgroudService.MktAudienceFileService - wifi文件 查询人群包状态失败: statusResult={"code":0,"message":"","data":{"crowdId":10023348,"crowdStatus":1,"msg":"待生效","matchType":"OAID-MD5"}}
2026-07-20 06:46:54,403 [162] ERROR Ad.Web.BackgroudService.MktAudienceFileService - wifi文件 查询人群包状态失败: statusResult={"code":0,"message":"","data":{"crowdId":10023349,"crowdStatus":1,"msg":"待生效","matchType":"OAID-MD5"}}
2026-07-20 06:46:54,427 [156] ERROR Ad.Web.BackgroudService.MktAudienceFileService - wifi文件 查询人群包状态失败: statusResult={"code":0,"message":"","data":{"crowdId":10023350,"crowdStatus":1,"msg":"待生效","matchType":"OAID-MD5"}}
2026-07-20 06:46:54,452 [156] ERROR Ad.Web.BackgroudService.MktAudienceFileService - wifi文件 查询人群包状态失败: statusResult={"code":0,"message":"","data":{"crowdId":10023435,"crowdStatus":5,"msg":"待生效","matchType":"OAID-MD5"}}
2026-07-20 06:56:53,161 [115] ERROR Ad.Web.BackgroudService.MktAudienceFileService - huawei文件 查询人群包状态失败: result={"code":200,"message":"Success","value":{"dmpID":"1953077773933364096","audiences":[{"id":"203265","name":[{"language":"zh","country":null,"value":"闲鱼定向包_20260528_bucket0"}],"description":[],"scale":423523,"status":1,"adsAudienceId":"1779951406791","updateTime":"2026-07-19 18:14:06","coverageCountReal":"42567700"}]}}
2026-07-20 06:56:53,618 [115] ERROR Ad.Web.BackgroudService.MktAudienceFileService - huawei文件 查询人群包状态失败: result={"code":200,"message":"Success","value":{"dmpID":"1953077773933364096","audiences":[{"id":"866959","name":[{"language":"zh","country":null,"value":"闲鱼点击人群_20260525_bucket0"}],"description":[],"scale":832499,"status":1,"adsAudienceId":"1779707070601","updateTime":"2026-07-20 06:38:45","coverageCountReal":"471104"}]}}
2026-07-20 06:56:53,750 [115] ERROR Ad.Web.BackgroudService.MktAudienceFileService - wifi文件 查询人群包状态失败: statusResult={"code":0,"message":"","data":{"crowdId":10023331,"crowdStatus":1,"msg":"待生效","matchType":"OAID-MD5"}}
2026-07-20 06:56:53,781 [115] ERROR Ad.Web.BackgroudService.MktAudienceFileService - wifi文件 查询人群包状态失败: statusResult={"code":0,"message":"","data":{"crowdId":10023395,"crowdStatus":1,"msg":"待生效","matchType":"OAID-MD5"}}
2026-07-20 06:56:53,856 [115] ERROR Ad.Web.BackgroudService.MktAudienceFileService - wifi文件 查询人群包状态失败: statusResult={"code":0,"message":"","data":{"crowdId":10023337,"crowdStatus":1,"msg":"待生效","matchType":"OAID-MD5"}}
2026-07-20 06:56:53,897 [115] ERROR Ad.Web.BackgroudService.MktAudienceFileService - wifi文件 查询人群包状态失败: statusResult={"code":0,"message":"","data":{"crowdId":10023338,"crowdStatus":1,"msg":"待生效","matchType":"OAID-MD5"}}
2026-07-20 06:56:53,925 [115] ERROR Ad.Web.BackgroudService.MktAudienceFileService - wifi文件 查询人群包状态失败: statusResult={"code":0,"message":"","data":{"crowdId":10023339,"crowdStatus":1,"msg":"待生效","matchType":"OAID-MD5"}}
2026-07-20 06:56:53,948 [115] ERROR Ad.Web.BackgroudService.MktAudienceFileService - wifi文件 查询人群包状态失败: statusResult={"code":0,"message":"","data":{"crowdId":10023340,"crowdStatus":1,"msg":"待生效","matchType":"OAID-MD5"}}
2026-07-20 06:56:53,999 [115] ERROR Ad.Web.BackgroudService.MktAudienceFileService - wifi文件 查询人群包状态失败: statusResult={"code":0,"message":"","data":{"crowdId":10023341,"crowdStatus":1,"msg":"待生效","matchType":"OAID-MD5"}}
2026-07-20 06:56:54,084 [115] ERROR Ad.Web.BackgroudService.MktAudienceFileService - wifi文件 查询人群包状态失败: statusResult={"code":0,"message":"","data":{"crowdId":10023342,"crowdStatus":1,"msg":"待生效","matchType":"OAID-MD5"}}
2026-07-20 06:56:54,173 [115] ERROR Ad.Web.BackgroudService.MktAudienceFileService - wifi文件 查询人群包状态失败: statusResult={"code":0,"message":"","data":{"crowdId":10023343,"crowdStatus":1,"msg":"待生效","matchType":"OAID-MD5"}}
2026-07-20 06:56:54,205 [115] ERROR Ad.Web.BackgroudService.MktAudienceFileService - wifi文件 查询人群包状态失败: statusResult={"code":0,"message":"","data":{"crowdId":10023344,"crowdStatus":1,"msg":"待生效","matchType":"OAID-MD5"}}
2026-07-20 06:56:54,323 [115] ERROR Ad.Web.BackgroudService.MktAudienceFileService - wifi文件 查询人群包状态失败: statusResult={"code":0,"message":"","data":{"crowdId":10023345,"crowdStatus":1,"msg":"待生效","matchType":"OAID-MD5"}}
2026-07-20 06:56:54,393 [115] ERROR Ad.Web.BackgroudService.MktAudienceFileService - wifi文件 查询人群包状态失败: statusResult={"code":0,"message":"","data":{"crowdId":10023346,"crowdStatus":1,"msg":"待生效","matchType":"OAID-MD5"}}
2026-07-20 06:56:54,416 [115] ERROR Ad.Web.BackgroudService.MktAudienceFileService - wifi文件 查询人群包状态失败: statusResult={"code":0,"message":"","data":{"crowdId":10023347,"crowdStatus":1,"msg":"待生效","matchType":"OAID-MD5"}}
2026-07-20 06:56:54,536 [115] ERROR Ad.Web.BackgroudService.MktAudienceFileService - wifi文件 查询人群包状态失败: statusResult={"code":0,"message":"","data":{"crowdId":10023348,"crowdStatus":1,"msg":"待生效","matchType":"OAID-MD5"}}
2026-07-20 06:56:54,664 [115] ERROR Ad.Web.BackgroudService.MktAudienceFileService - wifi文件 查询人群包状态失败: statusResult={"code":0,"message":"","data":{"crowdId":10023349,"crowdStatus":1,"msg":"待生效","matchType":"OAID-MD5"}}
2026-07-20 06:56:54,700 [115] ERROR Ad.Web.BackgroudService.MktAudienceFileService - wifi文件 查询人群包状态失败: statusResult={"code":0,"message":"","data":{"crowdId":10023350,"crowdStatus":1,"msg":"待生效","matchType":"OAID-MD5"}}
2026-07-20 06:56:54,774 [115] ERROR Ad.Web.BackgroudService.MktAudienceFileService - wifi文件 查询人群包状态失败: statusResult={"code":0,"message":"","data":{"crowdId":10023435,"crowdStatus":5,"msg":"待生效","matchType":"OAID-MD5"}}
2026-07-20 07:06:52,850 [206] ERROR Ad.Web.BackgroudService.MktAudienceFileService - huawei文件 查询人群包状态失败: result={"code":200,"message":"Success","value":{"dmpID":"1953077773933364096","audiences":[{"id":"203265","name":[{"language":"zh","country":null,"value":"闲鱼定向包_20260528_bucket0"}],"description":[],"scale":423523,"status":1,"adsAudienceId":"1779951406791","updateTime":"2026-07-19 18:14:06","coverageCountReal":"42567700"}]}}
2026-07-20 07:06:53,310 [206] ERROR Ad.Web.BackgroudService.MktAudienceFileService - huawei文件 查询人群包状态失败: result={"code":200,"message":"Success","value":{"dmpID":"1953077773933364096","audiences":[{"id":"866959","name":[{"language":"zh","country":null,"value":"闲鱼点击人群_20260525_bucket0"}],"description":[],"scale":832499,"status":1,"adsAudienceId":"1779707070601","updateTime":"2026-07-20 06:38:45","coverageCountReal":"471104"}]}}
2026-07-20 07:06:53,426 [206] ERROR Ad.Web.BackgroudService.MktAudienceFileService - wifi文件 查询人群包状态失败: statusResult={"code":0,"message":"","data":{"crowdId":10023331,"crowdStatus":1,"msg":"待生效","matchType":"OAID-MD5"}}
2026-07-20 07:06:53,450 [206] ERROR Ad.Web.BackgroudService.MktAudienceFileService - wifi文件 查询人群包状态失败: statusResult={"code":0,"message":"","data":{"crowdId":10023395,"crowdStatus":1,"msg":"待生效","matchType":"OAID-MD5"}}
2026-07-20 07:06:53,474 [206] ERROR Ad.Web.BackgroudService.MktAudienceFileService - wifi文件 查询人群包状态失败: statusResult={"code":0,"message":"","data":{"crowdId":10023337,"crowdStatus":1,"msg":"待生效","matchType":"OAID-MD5"}}
2026-07-20 07:06:53,498 [206] ERROR Ad.Web.BackgroudService.MktAudienceFileService - wifi文件 查询人群包状态失败: statusResult={"code":0,"message":"","data":{"crowdId":10023338,"crowdStatus":1,"msg":"待生效","matchType":"OAID-MD5"}}
2026-07-20 07:06:53,521 [206] ERROR Ad.Web.BackgroudService.MktAudienceFileService - wifi文件 查询人群包状态失败: statusResult={"code":0,"message":"","data":{"crowdId":10023339,"crowdStatus":1,"msg":"待生效","matchType":"OAID-MD5"}}
2026-07-20 07:06:53,544 [206] ERROR Ad.Web.BackgroudService.MktAudienceFileService - wifi文件 查询人群包状态失败: statusResult={"code":0,"message":"","data":{"crowdId":10023340,"crowdStatus":1,"msg":"待生效","matchType":"OAID-MD5"}}
2026-07-20 07:06:53,568 [206] ERROR Ad.Web.BackgroudService.MktAudienceFileService - wifi文件 查询人群包状态失败: statusResult={"code":0,"message":"","data":{"crowdId":10023341,"crowdStatus":1,"msg":"待生效","matchType":"OAID-MD5"}}
2026-07-20 07:06:53,591 [206] ERROR Ad.Web.BackgroudService.MktAudienceFileService - wifi文件 查询人群包状态失败: statusResult={"code":0,"message":"","data":{"crowdId":10023342,"crowdStatus":1,"msg":"待生效","matchType":"OAID-MD5"}}
2026-07-20 07:06:53,673 [206] ERROR Ad.Web.BackgroudService.MktAudienceFileService - wifi文件 查询人群包状态失败: statusResult={"code":0,"message":"","data":{"crowdId":10023343,"crowdStatus":1,"msg":"待生效","matchType":"OAID-MD5"}}
2026-07-20 07:06:53,696 [206] ERROR Ad.Web.BackgroudService.MktAudienceFileService - wifi文件 查询人群包状态失败: statusResult={"code":0,"message":"","data":{"crowdId":10023344,"crowdStatus":1,"msg":"待生效","matchType":"OAID-MD5"}}
2026-07-20 07:06:53,720 [206] ERROR Ad.Web.BackgroudService.MktAudienceFileService - wifi文件 查询人群包状态失败: statusResult={"code":0,"message":"","data":{"crowdId":10023345,"crowdStatus":1,"msg":"待生效","matchType":"OAID-MD5"}}
2026-07-20 07:06:53,744 [206] ERROR Ad.Web.BackgroudService.MktAudienceFileService - wifi文件 查询人群包状态失败: statusResult={"code":0,"message":"","data":{"crowdId":10023346,"crowdStatus":1,"msg":"待生效","matchType":"OAID-MD5"}}
2026-07-20 07:06:53,767 [206] ERROR Ad.Web.BackgroudService.MktAudienceFileService - wifi文件 查询人群包状态失败: statusResult={"code":0,"message":"","data":{"crowdId":10023347,"crowdStatus":1,"msg":"待生效","matchType":"OAID-MD5"}}
2026-07-20 07:06:53,790 [206] ERROR Ad.Web.BackgroudService.MktAudienceFileService - wifi文件 查询人群包状态失败: statusResult={"code":0,"message":"","data":{"crowdId":10023348,"crowdStatus":1,"msg":"待生效","matchType":"OAID-MD5"}}
2026-07-20 07:06:53,815 [206] ERROR Ad.Web.BackgroudService.MktAudienceFileService - wifi文件 查询人群包状态失败: statusResult={"code":0,"message":"","data":{"crowdId":10023349,"crowdStatus":1,"msg":"待生效","matchType":"OAID-MD5"}}
2026-07-20 07:06:53,837 [206] ERROR Ad.Web.BackgroudService.MktAudienceFileService - wifi文件 查询人群包状态失败: statusResult={"code":0,"message":"","data":{"crowdId":10023350,"crowdStatus":1,"msg":"待生效","matchType":"OAID-MD5"}}
2026-07-20 07:06:53,861 [206] ERROR Ad.Web.BackgroudService.MktAudienceFileService - wifi文件 查询人群包状态失败: statusResult={"code":0,"message":"","data":{"crowdId":10023435,"crowdStatus":5,"msg":"待生效","matchType":"OAID-MD5"}}
2026-07-20 07:16:50,778 [37] ERROR Ad.Web.BackgroudService.MktDownloadService - FtpGetFileSize ex.msg:The remote server returned an error: (550) File unavailable (e.g., file not found, no access).
2026-07-20 07:16:53,172 [107] ERROR Ad.Web.BackgroudService.MktAudienceFileService - huawei文件 查询人群包状态失败: result={"code":200,"message":"Success","value":{"dmpID":"1953077773933364096","audiences":[{"id":"203265","name":[{"language":"zh","country":null,"value":"闲鱼定向包_20260528_bucket0"}],"description":[],"scale":423523,"status":1,"adsAudienceId":"1779951406791","updateTime":"2026-07-19 18:14:06","coverageCountReal":"42567700"}]}}
2026-07-20 07:16:53,566 [108] ERROR Ad.Web.BackgroudService.MktAudienceFileService - huawei文件 查询人群包状态失败: result={"code":200,"message":"Success","value":{"dmpID":"1953077773933364096","audiences":[{"id":"866959","name":[{"language":"zh","country":null,"value":"闲鱼点击人群_20260525_bucket0"}],"description":[],"scale":832499,"status":1,"adsAudienceId":"1779707070601","updateTime":"2026-07-20 06:38:45","coverageCountReal":"471104"}]}}
2026-07-20 07:16:53,692 [95] ERROR Ad.Web.BackgroudService.MktAudienceFileService - wifi文件 查询人群包状态失败: statusResult={"code":0,"message":"","data":{"crowdId":10023331,"crowdStatus":1,"msg":"待生效","matchType":"OAID-MD5"}}
2026-07-20 07:16:53,717 [95] ERROR Ad.Web.BackgroudService.MktAudienceFileService - wifi文件 查询人群包状态失败: statusResult={"code":0,"message":"","data":{"crowdId":10023395,"crowdStatus":1,"msg":"待生效","matchType":"OAID-MD5"}}
2026-07-20 07:16:53,748 [108] ERROR Ad.Web.BackgroudService.MktAudienceFileService - wifi文件 查询人群包状态失败: statusResult={"code":0,"message":"","data":{"crowdId":10023337,"crowdStatus":1,"msg":"待生效","matchType":"OAID-MD5"}}
2026-07-20 07:16:53,771 [107] ERROR Ad.Web.BackgroudService.MktAudienceFileService - wifi文件 查询人群包状态失败: statusResult={"code":0,"message":"","data":{"crowdId":10023338,"crowdStatus":1,"msg":"待生效","matchType":"OAID-MD5"}}
2026-07-20 07:16:53,795 [108] ERROR Ad.Web.BackgroudService.MktAudienceFileService - wifi文件 查询人群包状态失败: statusResult={"code":0,"message":"","data":{"crowdId":10023339,"crowdStatus":1,"msg":"待生效","matchType":"OAID-MD5"}}
2026-07-20 07:16:53,819 [95] ERROR Ad.Web.BackgroudService.MktAudienceFileService - wifi文件 查询人群包状态失败: statusResult={"code":0,"message":"","data":{"crowdId":10023340,"crowdStatus":1,"msg":"待生效","matchType":"OAID-MD5"}}
2026-07-20 07:16:53,842 [108] ERROR Ad.Web.BackgroudService.MktAudienceFileService - wifi文件 查询人群包状态失败: statusResult={"code":0,"message":"","data":{"crowdId":10023341,"crowdStatus":1,"msg":"待生效","matchType":"OAID-MD5"}}
2026-07-20 07:16:53,865 [108] ERROR Ad.Web.BackgroudService.MktAudienceFileService - wifi文件 查询人群包状态失败: statusResult={"code":0,"message":"","data":{"crowdId":10023342,"crowdStatus":1,"msg":"待生效","matchType":"OAID-MD5"}}
2026-07-20 07:16:53,888 [108] ERROR Ad.Web.BackgroudService.MktAudienceFileService - wifi文件 查询人群包状态失败: statusResult={"code":0,"message":"","data":{"crowdId":10023343,"crowdStatus":1,"msg":"待生效","matchType":"OAID-MD5"}}
2026-07-20 07:16:53,911 [108] ERROR Ad.Web.BackgroudService.MktAudienceFileService - wifi文件 查询人群包状态失败: statusResult={"code":0,"message":"","data":{"crowdId":10023344,"crowdStatus":1,"msg":"待生效","matchType":"OAID-MD5"}}
2026-07-20 07:16:53,945 [108] ERROR Ad.Web.BackgroudService.MktAudienceFileService - wifi文件 查询人群包状态失败: statusResult={"code":0,"message":"","data":{"crowdId":10023345,"crowdStatus":1,"msg":"待生效","matchType":"OAID-MD5"}}
2026-07-20 07:16:53,968 [108] ERROR Ad.Web.BackgroudService.MktAudienceFileService - wifi文件 查询人群包状态失败: statusResult={"code":0,"message":"","data":{"crowdId":10023346,"crowdStatus":1,"msg":"待生效","matchType":"OAID-MD5"}}
2026-07-20 07:16:53,993 [95] ERROR Ad.Web.BackgroudService.MktAudienceFileService - wifi文件 查询人群包状态失败: statusResult={"code":0,"message":"","data":{"crowdId":10023347,"crowdStatus":1,"msg":"待生效","matchType":"OAID-MD5"}}
2026-07-20 07:16:54,016 [75] ERROR Ad.Web.BackgroudService.MktAudienceFileService - wifi文件 查询人群包状态失败: statusResult={"code":0,"message":"","data":{"crowdId":10023348,"crowdStatus":1,"msg":"待生效","matchType":"OAID-MD5"}}
2026-07-20 07:16:54,039 [75] ERROR Ad.Web.BackgroudService.MktAudienceFileService - wifi文件 查询人群包状态失败: statusResult={"code":0,"message":"","data":{"crowdId":10023349,"crowdStatus":1,"msg":"待生效","matchType":"OAID-MD5"}}
2026-07-20 07:16:54,063 [75] ERROR Ad.Web.BackgroudService.MktAudienceFileService - wifi文件 查询人群包状态失败: statusResult={"code":0,"message":"","data":{"crowdId":10023350,"crowdStatus":1,"msg":"待生效","matchType":"OAID-MD5"}}
2026-07-20 07:16:54,087 [108] ERROR Ad.Web.BackgroudService.MktAudienceFileService - wifi文件 查询人群包状态失败: statusResult={"code":0,"message":"","data":{"crowdId":10023435,"crowdStatus":5,"msg":"待生效","matchType":"OAID-MD5"}}
2026-07-20 07:26:52,798 [142] ERROR Ad.Web.BackgroudService.MktAudienceFileService - huawei文件 查询人群包状态失败: result={"code":200,"message":"Success","value":{"dmpID":"1953077773933364096","audiences":[{"id":"203265","name":[{"language":"zh","country":null,"value":"闲鱼定向包_20260528_bucket0"}],"description":[],"scale":423523,"status":1,"adsAudienceId":"1779951406791","updateTime":"2026-07-19 18:14:06","coverageCountReal":"42567700"}]}}
2026-07-20 07:26:53,184 [142] ERROR Ad.Web.BackgroudService.MktAudienceFileService - huawei文件 查询人群包状态失败: result={"code":200,"message":"Success","value":{"dmpID":"1953077773933364096","audiences":[{"id":"866959","name":[{"language":"zh","country":null,"value":"闲鱼点击人群_20260525_bucket0"}],"description":[],"scale":832499,"status":1,"adsAudienceId":"1779707070601","updateTime":"2026-07-20 06:38:45","coverageCountReal":"471104"}]}}
2026-07-20 07:26:53,302 [142] ERROR Ad.Web.BackgroudService.MktAudienceFileService - wifi文件 查询人群包状态失败: statusResult={"code":0,"message":"","data":{"crowdId":10023331,"crowdStatus":1,"msg":"待生效","matchType":"OAID-MD5"}}
2026-07-20 07:26:53,328 [142] ERROR Ad.Web.BackgroudService.MktAudienceFileService - wifi文件 查询人群包状态失败: statusResult={"code":0,"message":"","data":{"crowdId":10023395,"crowdStatus":1,"msg":"待生效","matchType":"OAID-MD5"}}
2026-07-20 07:26:53,359 [142] ERROR Ad.Web.BackgroudService.MktAudienceFileService - wifi文件 查询人群包状态失败: statusResult={"code":0,"message":"","data":{"crowdId":10023337,"crowdStatus":1,"msg":"待生效","matchType":"OAID-MD5"}}
2026-07-20 07:26:53,384 [142] ERROR Ad.Web.BackgroudService.MktAudienceFileService - wifi文件 查询人群包状态失败: statusResult={"code":0,"message":"","data":{"crowdId":10023338,"crowdStatus":1,"msg":"待生效","matchType":"OAID-MD5"}}
2026-07-20 07:26:53,408 [142] ERROR Ad.Web.BackgroudService.MktAudienceFileService - wifi文件 查询人群包状态失败: statusResult={"code":0,"message":"","data":{"crowdId":10023339,"crowdStatus":1,"msg":"待生效","matchType":"OAID-MD5"}}
2026-07-20 07:26:53,431 [142] ERROR Ad.Web.BackgroudService.MktAudienceFileService - wifi文件 查询人群包状态失败: statusResult={"code":0,"message":"","data":{"crowdId":10023340,"crowdStatus":1,"msg":"待生效","matchType":"OAID-MD5"}}
2026-07-20 07:26:53,456 [142] ERROR Ad.Web.BackgroudService.MktAudienceFileService - wifi文件 查询人群包状态失败: statusResult={"code":0,"message":"","data":{"crowdId":10023341,"crowdStatus":1,"msg":"待生效","matchType":"OAID-MD5"}}
2026-07-20 07:26:53,479 [142] ERROR Ad.Web.BackgroudService.MktAudienceFileService - wifi文件 查询人群包状态失败: statusResult={"code":0,"message":"","data":{"crowdId":10023342,"crowdStatus":1,"msg":"待生效","matchType":"OAID-MD5"}}
2026-07-20 07:26:53,503 [142] ERROR Ad.Web.BackgroudService.MktAudienceFileService - wifi文件 查询人群包状态失败: statusResult={"code":0,"message":"","data":{"crowdId":10023343,"crowdStatus":1,"msg":"待生效","matchType":"OAID-MD5"}}
2026-07-20 07:26:53,533 [142] ERROR Ad.Web.BackgroudService.MktAudienceFileService - wifi文件 查询人群包状态失败: statusResult={"code":0,"message":"","data":{"crowdId":10023344,"crowdStatus":1,"msg":"待生效","matchType":"OAID-MD5"}}
2026-07-20 07:26:53,572 [142] ERROR Ad.Web.BackgroudService.MktAudienceFileService - wifi文件 查询人群包状态失败: statusResult={"code":0,"message":"","data":{"crowdId":10023345,"crowdStatus":1,"msg":"待生效","matchType":"OAID-MD5"}}
2026-07-20 07:26:53,596 [142] ERROR Ad.Web.BackgroudService.MktAudienceFileService - wifi文件 查询人群包状态失败: statusResult={"code":0,"message":"","data":{"crowdId":10023346,"crowdStatus":1,"msg":"待生效","matchType":"OAID-MD5"}}
2026-07-20 07:26:53,620 [142] ERROR Ad.Web.BackgroudService.MktAudienceFileService - wifi文件 查询人群包状态失败: statusResult={"code":0,"message":"","data":{"crowdId":10023347,"crowdStatus":1,"msg":"待生效","matchType":"OAID-MD5"}}
2026-07-20 07:26:53,644 [142] ERROR Ad.Web.BackgroudService.MktAudienceFileService - wifi文件 查询人群包状态失败: statusResult={"code":0,"message":"","data":{"crowdId":10023348,"crowdStatus":1,"msg":"待生效","matchType":"OAID-MD5"}}
2026-07-20 07:26:53,667 [142] ERROR Ad.Web.BackgroudService.MktAudienceFileService - wifi文件 查询人群包状态失败: statusResult={"code":0,"message":"","data":{"crowdId":10023349,"crowdStatus":1,"msg":"待生效","matchType":"OAID-MD5"}}
2026-07-20 07:26:53,690 [142] ERROR Ad.Web.BackgroudService.MktAudienceFileService - wifi文件 查询人群包状态失败: statusResult={"code":0,"message":"","data":{"crowdId":10023350,"crowdStatus":1,"msg":"待生效","matchType":"OAID-MD5"}}
2026-07-20 07:26:53,715 [142] ERROR Ad.Web.BackgroudService.MktAudienceFileService - wifi文件 查询人群包状态失败: statusResult={"code":0,"message":"","data":{"crowdId":10023435,"crowdStatus":5,"msg":"待生效","matchType":"OAID-MD5"}}
2026-07-20 07:36:52,945 [155] ERROR Ad.Web.BackgroudService.MktAudienceFileService - huawei文件 查询人群包状态失败: result={"code":200,"message":"Success","value":{"dmpID":"1953077773933364096","audiences":[{"id":"203265","name":[{"language":"zh","country":null,"value":"闲鱼定向包_20260528_bucket0"}],"description":[],"scale":423523,"status":1,"adsAudienceId":"1779951406791","updateTime":"2026-07-19 18:14:06","coverageCountReal":"42567700"}]}}
2026-07-20 07:36:53,350 [155] ERROR Ad.Web.BackgroudService.MktAudienceFileService - huawei文件 查询人群包状态失败: result={"code":200,"message":"Success","value":{"dmpID":"1953077773933364096","audiences":[{"id":"866959","name":[{"language":"zh","country":null,"value":"闲鱼点击人群_20260525_bucket0"}],"description":[],"scale":832499,"status":1,"adsAudienceId":"1779707070601","updateTime":"2026-07-20 06:38:45","coverageCountReal":"471104"}]}}
2026-07-20 07:36:53,473 [153] ERROR Ad.Web.BackgroudService.MktAudienceFileService - wifi文件 查询人群包状态失败: statusResult={"code":0,"message":"","data":{"crowdId":10023331,"crowdStatus":1,"msg":"待生效","matchType":"OAID-MD5"}}
2026-07-20 07:36:53,503 [153] ERROR Ad.Web.BackgroudService.MktAudienceFileService - wifi文件 查询人群包状态失败: statusResult={"code":0,"message":"","data":{"crowdId":10023395,"crowdStatus":1,"msg":"待生效","matchType":"OAID-MD5"}}
2026-07-20 07:36:53,527 [153] ERROR Ad.Web.BackgroudService.MktAudienceFileService - wifi文件 查询人群包状态失败: statusResult={"code":0,"message":"","data":{"crowdId":10023337,"crowdStatus":1,"msg":"待生效","matchType":"OAID-MD5"}}
2026-07-20 07:36:53,552 [153] ERROR Ad.Web.BackgroudService.MktAudienceFileService - wifi文件 查询人群包状态失败: statusResult={"code":0,"message":"","data":{"crowdId":10023338,"crowdStatus":1,"msg":"待生效","matchType":"OAID-MD5"}}
2026-07-20 07:36:53,574 [153] ERROR Ad.Web.BackgroudService.MktAudienceFileService - wifi文件 查询人群包状态失败: statusResult={"code":0,"message":"","data":{"crowdId":10023339,"crowdStatus":1,"msg":"待生效","matchType":"OAID-MD5"}}
2026-07-20 07:36:53,597 [153] ERROR Ad.Web.BackgroudService.MktAudienceFileService - wifi文件 查询人群包状态失败: statusResult={"code":0,"message":"","data":{"crowdId":10023340,"crowdStatus":1,"msg":"待生效","matchType":"OAID-MD5"}}
2026-07-20 07:36:53,620 [153] ERROR Ad.Web.BackgroudService.MktAudienceFileService - wifi文件 查询人群包状态失败: statusResult={"code":0,"message":"","data":{"crowdId":10023341,"crowdStatus":1,"msg":"待生效","matchType":"OAID-MD5"}}
2026-07-20 07:36:53,644 [153] ERROR Ad.Web.BackgroudService.MktAudienceFileService - wifi文件 查询人群包状态失败: statusResult={"code":0,"message":"","data":{"crowdId":10023342,"crowdStatus":1,"msg":"待生效","matchType":"OAID-MD5"}}
2026-07-20 07:36:53,668 [153] ERROR Ad.Web.BackgroudService.MktAudienceFileService - wifi文件 查询人群包状态失败: statusResult={"code":0,"message":"","data":{"crowdId":10023343,"crowdStatus":1,"msg":"待生效","matchType":"OAID-MD5"}}
2026-07-20 07:36:53,692 [153] ERROR Ad.Web.BackgroudService.MktAudienceFileService - wifi文件 查询人群包状态失败: statusResult={"code":0,"message":"","data":{"crowdId":10023344,"crowdStatus":1,"msg":"待生效","matchType":"OAID-MD5"}}
2026-07-20 07:36:53,716 [153] ERROR Ad.Web.BackgroudService.MktAudienceFileService - wifi文件 查询人群包状态失败: statusResult={"code":0,"message":"","data":{"crowdId":10023345,"crowdStatus":1,"msg":"待生效","matchType":"OAID-MD5"}}
2026-07-20 07:36:53,739 [153] ERROR Ad.Web.BackgroudService.MktAudienceFileService - wifi文件 查询人群包状态失败: statusResult={"code":0,"message":"","data":{"crowdId":10023346,"crowdStatus":1,"msg":"待生效","matchType":"OAID-MD5"}}
2026-07-20 07:36:53,762 [153] ERROR Ad.Web.BackgroudService.MktAudienceFileService - wifi文件 查询人群包状态失败: statusResult={"code":0,"message":"","data":{"crowdId":10023347,"crowdStatus":1,"msg":"待生效","matchType":"OAID-MD5"}}
2026-07-20 07:36:53,786 [153] ERROR Ad.Web.BackgroudService.MktAudienceFileService - wifi文件 查询人群包状态失败: statusResult={"code":0,"message":"","data":{"crowdId":10023348,"crowdStatus":1,"msg":"待生效","matchType":"OAID-MD5"}}
2026-07-20 07:36:53,810 [153] ERROR Ad.Web.BackgroudService.MktAudienceFileService - wifi文件 查询人群包状态失败: statusResult={"code":0,"message":"","data":{"crowdId":10023349,"crowdStatus":1,"msg":"待生效","matchType":"OAID-MD5"}}
2026-07-20 07:36:53,833 [153] ERROR Ad.Web.BackgroudService.MktAudienceFileService - wifi文件 查询人群包状态失败: statusResult={"code":0,"message":"","data":{"crowdId":10023350,"crowdStatus":1,"msg":"待生效","matchType":"OAID-MD5"}}
2026-07-20 07:36:53,855 [153] ERROR Ad.Web.BackgroudService.MktAudienceFileService - wifi文件 查询人群包状态失败: statusResult={"code":0,"message":"","data":{"crowdId":10023435,"crowdStatus":5,"msg":"待生效","matchType":"OAID-MD5"}}
2026-07-20 07:46:50,703 [187] ERROR Ad.Web.BackgroudService.MktDownloadService - FtpGetFileSize ex.msg:The remote server returned an error: (550) File unavailable (e.g., file not found, no access).
2026-07-20 07:46:53,474 [109] ERROR Ad.Web.BackgroudService.MktAudienceFileService - huawei文件 查询人群包状态失败: result={"code":200,"message":"Success","value":{"dmpID":"1953077773933364096","audiences":[{"id":"203265","name":[{"language":"zh","country":null,"value":"闲鱼定向包_20260528_bucket0"}],"description":[],"scale":423523,"status":1,"adsAudienceId":"1779951406791","updateTime":"2026-07-19 18:14:06","coverageCountReal":"42567700"}]}}
2026-07-20 07:46:53,866 [133] ERROR Ad.Web.BackgroudService.MktAudienceFileService - huawei文件 查询人群包状态失败: result={"code":200,"message":"Success","value":{"dmpID":"1953077773933364096","audiences":[{"id":"866959","name":[{"language":"zh","country":null,"value":"闲鱼点击人群_20260525_bucket0"}],"description":[],"scale":832499,"status":1,"adsAudienceId":"1779707070601","updateTime":"2026-07-20 06:38:45","coverageCountReal":"471104"}]}}
2026-07-20 07:46:53,984 [133] ERROR Ad.Web.BackgroudService.MktAudienceFileService - wifi文件 查询人群包状态失败: statusResult={"code":0,"message":"","data":{"crowdId":10023331,"crowdStatus":1,"msg":"待生效","matchType":"OAID-MD5"}}
2026-07-20 07:46:54,009 [134] ERROR Ad.Web.BackgroudService.MktAudienceFileService - wifi文件 查询人群包状态失败: statusResult={"code":0,"message":"","data":{"crowdId":10023395,"crowdStatus":1,"msg":"待生效","matchType":"OAID-MD5"}}
2026-07-20 07:46:54,041 [133] ERROR Ad.Web.BackgroudService.MktAudienceFileService - wifi文件 查询人群包状态失败: statusResult={"code":0,"message":"","data":{"crowdId":10023337,"crowdStatus":1,"msg":"待生效","matchType":"OAID-MD5"}}
2026-07-20 07:46:54,066 [133] ERROR Ad.Web.BackgroudService.MktAudienceFileService - wifi文件 查询人群包状态失败: statusResult={"code":0,"message":"","data":{"crowdId":10023338,"crowdStatus":1,"msg":"待生效","matchType":"OAID-MD5"}}
2026-07-20 07:46:54,092 [133] ERROR Ad.Web.BackgroudService.MktAudienceFileService - wifi文件 查询人群包状态失败: statusResult={"code":0,"message":"","data":{"crowdId":10023339,"crowdStatus":1,"msg":"待生效","matchType":"OAID-MD5"}}
2026-07-20 07:46:54,116 [134] ERROR Ad.Web.BackgroudService.MktAudienceFileService - wifi文件 查询人群包状态失败: statusResult={"code":0,"message":"","data":{"crowdId":10023340,"crowdStatus":1,"msg":"待生效","matchType":"OAID-MD5"}}
2026-07-20 07:46:54,140 [132] ERROR Ad.Web.BackgroudService.MktAudienceFileService - wifi文件 查询人群包状态失败: statusResult={"code":0,"message":"","data":{"crowdId":10023341,"crowdStatus":1,"msg":"待生效","matchType":"OAID-MD5"}}
2026-07-20 07:46:54,163 [132] ERROR Ad.Web.BackgroudService.MktAudienceFileService - wifi文件 查询人群包状态失败: statusResult={"code":0,"message":"","data":{"crowdId":10023342,"crowdStatus":1,"msg":"待生效","matchType":"OAID-MD5"}}
2026-07-20 07:46:54,187 [133] ERROR Ad.Web.BackgroudService.MktAudienceFileService - wifi文件 查询人群包状态失败: statusResult={"code":0,"message":"","data":{"crowdId":10023343,"crowdStatus":1,"msg":"待生效","matchType":"OAID-MD5"}}
2026-07-20 07:46:54,211 [132] ERROR Ad.Web.BackgroudService.MktAudienceFileService - wifi文件 查询人群包状态失败: statusResult={"code":0,"message":"","data":{"crowdId":10023344,"crowdStatus":1,"msg":"待生效","matchType":"OAID-MD5"}}
2026-07-20 07:46:54,235 [132] ERROR Ad.Web.BackgroudService.MktAudienceFileService - wifi文件 查询人群包状态失败: statusResult={"code":0,"message":"","data":{"crowdId":10023345,"crowdStatus":1,"msg":"待生效","matchType":"OAID-MD5"}}
2026-07-20 07:46:54,259 [132] ERROR Ad.Web.BackgroudService.MktAudienceFileService - wifi文件 查询人群包状态失败: statusResult={"code":0,"message":"","data":{"crowdId":10023346,"crowdStatus":1,"msg":"待生效","matchType":"OAID-MD5"}}
2026-07-20 07:46:54,284 [132] ERROR Ad.Web.BackgroudService.MktAudienceFileService - wifi文件 查询人群包状态失败: statusResult={"code":0,"message":"","data":{"crowdId":10023347,"crowdStatus":1,"msg":"待生效","matchType":"OAID-MD5"}}
2026-07-20 07:46:54,308 [132] ERROR Ad.Web.BackgroudService.MktAudienceFileService - wifi文件 查询人群包状态失败: statusResult={"code":0,"message":"","data":{"crowdId":10023348,"crowdStatus":1,"msg":"待生效","matchType":"OAID-MD5"}}
2026-07-20 07:46:54,333 [133] ERROR Ad.Web.BackgroudService.MktAudienceFileService - wifi文件 查询人群包状态失败: statusResult={"code":0,"message":"","data":{"crowdId":10023349,"crowdStatus":1,"msg":"待生效","matchType":"OAID-MD5"}}
2026-07-20 07:46:54,356 [133] ERROR Ad.Web.BackgroudService.MktAudienceFileService - wifi文件 查询人群包状态失败: statusResult={"code":0,"message":"","data":{"crowdId":10023350,"crowdStatus":1,"msg":"待生效","matchType":"OAID-MD5"}}
2026-07-20 07:46:54,380 [132] ERROR Ad.Web.BackgroudService.MktAudienceFileService - wifi文件 查询人群包状态失败: statusResult={"code":0,"message":"","data":{"crowdId":10023435,"crowdStatus":5,"msg":"待生效","matchType":"OAID-MD5"}}
2026-07-20 07:56:53,329 [166] ERROR Ad.Web.BackgroudService.MktAudienceFileService - huawei文件 查询人群包状态失败: result={"code":200,"message":"Success","value":{"dmpID":"1953077773933364096","audiences":[{"id":"203265","name":[{"language":"zh","country":null,"value":"闲鱼定向包_20260528_bucket0"}],"description":[],"scale":423523,"status":1,"adsAudienceId":"1779951406791","updateTime":"2026-07-19 18:14:06","coverageCountReal":"42567700"}]}}
2026-07-20 07:56:53,782 [166] ERROR Ad.Web.BackgroudService.MktAudienceFileService - huawei文件 查询人群包状态失败: result={"code":200,"message":"Success","value":{"dmpID":"1953077773933364096","audiences":[{"id":"866959","name":[{"language":"zh","country":null,"value":"闲鱼点击人群_20260525_bucket0"}],"description":[],"scale":832499,"status":1,"adsAudienceId":"1779707070601","updateTime":"2026-07-20 06:38:45","coverageCountReal":"471104"}]}}
2026-07-20 07:56:53,924 [164] ERROR Ad.Web.BackgroudService.MktAudienceFileService - wifi文件 查询人群包状态失败: statusResult={"code":0,"message":"","data":{"crowdId":10023331,"crowdStatus":1,"msg":"待生效","matchType":"OAID-MD5"}}
2026-07-20 07:56:53,948 [164] ERROR Ad.Web.BackgroudService.MktAudienceFileService - wifi文件 查询人群包状态失败: statusResult={"code":0,"message":"","data":{"crowdId":10023395,"crowdStatus":1,"msg":"待生效","matchType":"OAID-MD5"}}
2026-07-20 07:56:54,034 [164] ERROR Ad.Web.BackgroudService.MktAudienceFileService - wifi文件 查询人群包状态失败: statusResult={"code":0,"message":"","data":{"crowdId":10023337,"crowdStatus":1,"msg":"待生效","matchType":"OAID-MD5"}}
2026-07-20 07:56:54,105 [164] ERROR Ad.Web.BackgroudService.MktAudienceFileService - wifi文件 查询人群包状态失败: statusResult={"code":0,"message":"","data":{"crowdId":10023338,"crowdStatus":1,"msg":"待生效","matchType":"OAID-MD5"}}
2026-07-20 07:56:54,129 [166] ERROR Ad.Web.BackgroudService.MktAudienceFileService - wifi文件 查询人群包状态失败: statusResult={"code":0,"message":"","data":{"crowdId":10023339,"crowdStatus":1,"msg":"待生效","matchType":"OAID-MD5"}}
2026-07-20 07:56:54,152 [166] ERROR Ad.Web.BackgroudService.MktAudienceFileService - wifi文件 查询人群包状态失败: statusResult={"code":0,"message":"","data":{"crowdId":10023340,"crowdStatus":1,"msg":"待生效","matchType":"OAID-MD5"}}
2026-07-20 07:56:54,227 [166] ERROR Ad.Web.BackgroudService.MktAudienceFileService - wifi文件 查询人群包状态失败: statusResult={"code":0,"message":"","data":{"crowdId":10023341,"crowdStatus":1,"msg":"待生效","matchType":"OAID-MD5"}}
2026-07-20 07:56:54,273 [166] ERROR Ad.Web.BackgroudService.MktAudienceFileService - wifi文件 查询人群包状态失败: statusResult={"code":0,"message":"","data":{"crowdId":10023342,"crowdStatus":1,"msg":"待生效","matchType":"OAID-MD5"}}
2026-07-20 07:56:54,352 [166] ERROR Ad.Web.BackgroudService.MktAudienceFileService - wifi文件 查询人群包状态失败: statusResult={"code":0,"message":"","data":{"crowdId":10023343,"crowdStatus":1,"msg":"待生效","matchType":"OAID-MD5"}}
2026-07-20 07:56:54,453 [166] ERROR Ad.Web.BackgroudService.MktAudienceFileService - wifi文件 查询人群包状态失败: statusResult={"code":0,"message":"","data":{"crowdId":10023344,"crowdStatus":1,"msg":"待生效","matchType":"OAID-MD5"}}
2026-07-20 07:56:54,589 [166] ERROR Ad.Web.BackgroudService.MktAudienceFileService - wifi文件 查询人群包状态失败: statusResult={"code":0,"message":"","data":{"crowdId":10023345,"crowdStatus":1,"msg":"待生效","matchType":"OAID-MD5"}}
2026-07-20 07:56:54,630 [166] ERROR Ad.Web.BackgroudService.MktAudienceFileService - wifi文件 查询人群包状态失败: statusResult={"code":0,"message":"","data":{"crowdId":10023346,"crowdStatus":1,"msg":"待生效","matchType":"OAID-MD5"}}
2026-07-20 07:56:54,655 [166] ERROR Ad.Web.BackgroudService.MktAudienceFileService - wifi文件 查询人群包状态失败: statusResult={"code":0,"message":"","data":{"crowdId":10023347,"crowdStatus":1,"msg":"待生效","matchType":"OAID-MD5"}}
2026-07-20 07:56:54,680 [166] ERROR Ad.Web.BackgroudService.MktAudienceFileService - wifi文件 查询人群包状态失败: statusResult={"code":0,"message":"","data":{"crowdId":10023348,"crowdStatus":1,"msg":"待生效","matchType":"OAID-MD5"}}
2026-07-20 07:56:54,732 [166] ERROR Ad.Web.BackgroudService.MktAudienceFileService - wifi文件 查询人群包状态失败: statusResult={"code":0,"message":"","data":{"crowdId":10023349,"crowdStatus":1,"msg":"待生效","matchType":"OAID-MD5"}}
2026-07-20 07:56:55,398 [166] ERROR Ad.Web.BackgroudService.MktAudienceFileService - wifi文件 查询人群包状态失败: statusResult={"code":0,"message":"","data":{"crowdId":10023350,"crowdStatus":1,"msg":"待生效","matchType":"OAID-MD5"}}
2026-07-20 07:56:56,975 [166] ERROR Ad.Web.BackgroudService.MktAudienceFileService - wifi文件 查询人群包状态失败: statusResult={"code":0,"message":"","data":{"crowdId":10023435,"crowdStatus":5,"msg":"待生效","matchType":"OAID-MD5"}}
2026-07-20 08:06:52,792 [156] ERROR Ad.Web.BackgroudService.MktAudienceFileService - huawei文件 查询人群包状态失败: result={"code":200,"message":"Success","value":{"dmpID":"1953077773933364096","audiences":[{"id":"203265","name":[{"language":"zh","country":null,"value":"闲鱼定向包_20260528_bucket0"}],"description":[],"scale":423523,"status":1,"adsAudienceId":"1779951406791","updateTime":"2026-07-19 18:14:06","coverageCountReal":"42567700"}]}}
2026-07-20 08:06:53,351 [156] ERROR Ad.Web.BackgroudService.MktAudienceFileService - huawei文件 查询人群包状态失败: result={"code":200,"message":"Success","value":{"dmpID":"1953077773933364096","audiences":[{"id":"866959","name":[{"language":"zh","country":null,"value":"闲鱼点击人群_20260525_bucket0"}],"description":[],"scale":832499,"status":1,"adsAudienceId":"1779707070601","updateTime":"2026-07-20 06:38:45","coverageCountReal":"471104"}]}}
2026-07-20 08:06:53,475 [156] ERROR Ad.Web.BackgroudService.MktAudienceFileService - wifi文件 查询人群包状态失败: statusResult={"code":0,"message":"","data":{"crowdId":10023331,"crowdStatus":1,"msg":"待生效","matchType":"OAID-MD5"}}
2026-07-20 08:06:53,500 [156] ERROR Ad.Web.BackgroudService.MktAudienceFileService - wifi文件 查询人群包状态失败: statusResult={"code":0,"message":"","data":{"crowdId":10023395,"crowdStatus":1,"msg":"待生效","matchType":"OAID-MD5"}}
2026-07-20 08:06:53,525 [156] ERROR Ad.Web.BackgroudService.MktAudienceFileService - wifi文件 查询人群包状态失败: statusResult={"code":0,"message":"","data":{"crowdId":10023337,"crowdStatus":1,"msg":"待生效","matchType":"OAID-MD5"}}
2026-07-20 08:06:53,693 [156] ERROR Ad.Web.BackgroudService.MktAudienceFileService - wifi文件 查询人群包状态失败: statusResult={"code":0,"message":"","data":{"crowdId":10023338,"crowdStatus":1,"msg":"待生效","matchType":"OAID-MD5"}}
2026-07-20 08:06:53,716 [156] ERROR Ad.Web.BackgroudService.MktAudienceFileService - wifi文件 查询人群包状态失败: statusResult={"code":0,"message":"","data":{"crowdId":10023339,"crowdStatus":1,"msg":"待生效","matchType":"OAID-MD5"}}
2026-07-20 08:06:53,740 [156] ERROR Ad.Web.BackgroudService.MktAudienceFileService - wifi文件 查询人群包状态失败: statusResult={"code":0,"message":"","data":{"crowdId":10023340,"crowdStatus":1,"msg":"待生效","matchType":"OAID-MD5"}}
2026-07-20 08:06:53,765 [156] ERROR Ad.Web.BackgroudService.MktAudienceFileService - wifi文件 查询人群包状态失败: statusResult={"code":0,"message":"","data":{"crowdId":10023341,"crowdStatus":1,"msg":"待生效","matchType":"OAID-MD5"}}
2026-07-20 08:06:53,790 [156] ERROR Ad.Web.BackgroudService.MktAudienceFileService - wifi文件 查询人群包状态失败: statusResult={"code":0,"message":"","data":{"crowdId":10023342,"crowdStatus":1,"msg":"待生效","matchType":"OAID-MD5"}}
2026-07-20 08:06:53,813 [156] ERROR Ad.Web.BackgroudService.MktAudienceFileService - wifi文件 查询人群包状态失败: statusResult={"code":0,"message":"","data":{"crowdId":10023343,"crowdStatus":1,"msg":"待生效","matchType":"OAID-MD5"}}
2026-07-20 08:06:53,836 [143] ERROR Ad.Web.BackgroudService.MktAudienceFileService - wifi文件 查询人群包状态失败: statusResult={"code":0,"message":"","data":{"crowdId":10023344,"crowdStatus":1,"msg":"待生效","matchType":"OAID-MD5"}}
2026-07-20 08:06:53,859 [143] ERROR Ad.Web.BackgroudService.MktAudienceFileService - wifi文件 查询人群包状态失败: statusResult={"code":0,"message":"","data":{"crowdId":10023345,"crowdStatus":1,"msg":"待生效","matchType":"OAID-MD5"}}
2026-07-20 08:06:53,885 [143] ERROR Ad.Web.BackgroudService.MktAudienceFileService - wifi文件 查询人群包状态失败: statusResult={"code":0,"message":"","data":{"crowdId":10023346,"crowdStatus":1,"msg":"待生效","matchType":"OAID-MD5"}}
2026-07-20 08:06:53,908 [143] ERROR Ad.Web.BackgroudService.MktAudienceFileService - wifi文件 查询人群包状态失败: statusResult={"code":0,"message":"","data":{"crowdId":10023347,"crowdStatus":1,"msg":"待生效","matchType":"OAID-MD5"}}
2026-07-20 08:06:53,932 [143] ERROR Ad.Web.BackgroudService.MktAudienceFileService - wifi文件 查询人群包状态失败: statusResult={"code":0,"message":"","data":{"crowdId":10023348,"crowdStatus":1,"msg":"待生效","matchType":"OAID-MD5"}}
2026-07-20 08:06:53,956 [143] ERROR Ad.Web.BackgroudService.MktAudienceFileService - wifi文件 查询人群包状态失败: statusResult={"code":0,"message":"","data":{"crowdId":10023349,"crowdStatus":1,"msg":"待生效","matchType":"OAID-MD5"}}
2026-07-20 08:06:53,979 [143] ERROR Ad.Web.BackgroudService.MktAudienceFileService - wifi文件 查询人群包状态失败: statusResult={"code":0,"message":"","data":{"crowdId":10023350,"crowdStatus":1,"msg":"待生效","matchType":"OAID-MD5"}}
2026-07-20 08:06:54,002 [143] ERROR Ad.Web.BackgroudService.MktAudienceFileService - wifi文件 查询人群包状态失败: statusResult={"code":0,"message":"","data":{"crowdId":10023435,"crowdStatus":5,"msg":"待生效","matchType":"OAID-MD5"}}
2026-07-20 08:16:50,752 [33] ERROR Ad.Web.BackgroudService.MktDownloadService - FtpGetFileSize ex.msg:The remote server returned an error: (550) File unavailable (e.g., file not found, no access).
2026-07-20 08:16:52,992 [94] ERROR Ad.Web.BackgroudService.MktAudienceFileService - huawei文件 查询人群包状态失败: result={"code":200,"message":"Success","value":{"dmpID":"1953077773933364096","audiences":[{"id":"203265","name":[{"language":"zh","country":null,"value":"闲鱼定向包_20260528_bucket0"}],"description":[],"scale":423523,"status":1,"adsAudienceId":"1779951406791","updateTime":"2026-07-19 18:14:06","coverageCountReal":"42567700"}]}}
2026-07-20 08:16:53,370 [97] ERROR Ad.Web.BackgroudService.MktAudienceFileService - huawei文件 查询人群包状态失败: result={"code":200,"message":"Success","value":{"dmpID":"1953077773933364096","audiences":[{"id":"866959","name":[{"language":"zh","country":null,"value":"闲鱼点击人群_20260525_bucket0"}],"description":[],"scale":832499,"status":1,"adsAudienceId":"1779707070601","updateTime":"2026-07-20 06:38:45","coverageCountReal":"471104"}]}}
2026-07-20 08:16:53,492 [94] ERROR Ad.Web.BackgroudService.MktAudienceFileService - wifi文件 查询人群包状态失败: statusResult={"code":0,"message":"","data":{"crowdId":10023331,"crowdStatus":1,"msg":"待生效","matchType":"OAID-MD5"}}
2026-07-20 08:16:53,518 [97] ERROR Ad.Web.BackgroudService.MktAudienceFileService - wifi文件 查询人群包状态失败: statusResult={"code":0,"message":"","data":{"crowdId":10023395,"crowdStatus":1,"msg":"待生效","matchType":"OAID-MD5"}}
2026-07-20 08:16:53,549 [97] ERROR Ad.Web.BackgroudService.MktAudienceFileService - wifi文件 查询人群包状态失败: statusResult={"code":0,"message":"","data":{"crowdId":10023337,"crowdStatus":1,"msg":"待生效","matchType":"OAID-MD5"}}
2026-07-20 08:16:53,574 [97] ERROR Ad.Web.BackgroudService.MktAudienceFileService - wifi文件 查询人群包状态失败: statusResult={"code":0,"message":"","data":{"crowdId":10023338,"crowdStatus":1,"msg":"待生效","matchType":"OAID-MD5"}}
2026-07-20 08:16:53,600 [97] ERROR Ad.Web.BackgroudService.MktAudienceFileService - wifi文件 查询人群包状态失败: statusResult={"code":0,"message":"","data":{"crowdId":10023339,"crowdStatus":1,"msg":"待生效","matchType":"OAID-MD5"}}
2026-07-20 08:16:53,625 [94] ERROR Ad.Web.BackgroudService.MktAudienceFileService - wifi文件 查询人群包状态失败: statusResult={"code":0,"message":"","data":{"crowdId":10023340,"crowdStatus":1,"msg":"待生效","matchType":"OAID-MD5"}}
2026-07-20 08:16:53,648 [94] ERROR Ad.Web.BackgroudService.MktAudienceFileService - wifi文件 查询人群包状态失败: statusResult={"code":0,"message":"","data":{"crowdId":10023341,"crowdStatus":1,"msg":"待生效","matchType":"OAID-MD5"}}
2026-07-20 08:16:53,672 [33] ERROR Ad.Web.BackgroudService.MktAudienceFileService - wifi文件 查询人群包状态失败: statusResult={"code":0,"message":"","data":{"crowdId":10023342,"crowdStatus":1,"msg":"待生效","matchType":"OAID-MD5"}}
2026-07-20 08:16:53,696 [33] ERROR Ad.Web.BackgroudService.MktAudienceFileService - wifi文件 查询人群包状态失败: statusResult={"code":0,"message":"","data":{"crowdId":10023343,"crowdStatus":1,"msg":"待生效","matchType":"OAID-MD5"}}
2026-07-20 08:16:53,719 [94] ERROR Ad.Web.BackgroudService.MktAudienceFileService - wifi文件 查询人群包状态失败: statusResult={"code":0,"message":"","data":{"crowdId":10023344,"crowdStatus":1,"msg":"待生效","matchType":"OAID-MD5"}}
2026-07-20 08:16:53,744 [33] ERROR Ad.Web.BackgroudService.MktAudienceFileService - wifi文件 查询人群包状态失败: statusResult={"code":0,"message":"","data":{"crowdId":10023345,"crowdStatus":1,"msg":"待生效","matchType":"OAID-MD5"}}
2026-07-20 08:16:53,767 [97] ERROR Ad.Web.BackgroudService.MktAudienceFileService - wifi文件 查询人群包状态失败: statusResult={"code":0,"message":"","data":{"crowdId":10023346,"crowdStatus":1,"msg":"待生效","matchType":"OAID-MD5"}}
2026-07-20 08:16:53,792 [94] ERROR Ad.Web.BackgroudService.MktAudienceFileService - wifi文件 查询人群包状态失败: statusResult={"code":0,"message":"","data":{"crowdId":10023347,"crowdStatus":1,"msg":"待生效","matchType":"OAID-MD5"}}
2026-07-20 08:16:53,815 [97] ERROR Ad.Web.BackgroudService.MktAudienceFileService - wifi文件 查询人群包状态失败: statusResult={"code":0,"message":"","data":{"crowdId":10023348,"crowdStatus":1,"msg":"待生效","matchType":"OAID-MD5"}}
2026-07-20 08:16:53,839 [97] ERROR Ad.Web.BackgroudService.MktAudienceFileService - wifi文件 查询人群包状态失败: statusResult={"code":0,"message":"","data":{"crowdId":10023349,"crowdStatus":1,"msg":"待生效","matchType":"OAID-MD5"}}
2026-07-20 08:16:53,862 [97] ERROR Ad.Web.BackgroudService.MktAudienceFileService - wifi文件 查询人群包状态失败: statusResult={"code":0,"message":"","data":{"crowdId":10023350,"crowdStatus":1,"msg":"待生效","matchType":"OAID-MD5"}}
2026-07-20 08:16:53,887 [94] ERROR Ad.Web.BackgroudService.MktAudienceFileService - wifi文件 查询人群包状态失败: statusResult={"code":0,"message":"","data":{"crowdId":10023435,"crowdStatus":5,"msg":"待生效","matchType":"OAID-MD5"}}
2026-07-20 08:26:53,278 [145] ERROR Ad.Web.BackgroudService.MktAudienceFileService - huawei文件 查询人群包状态失败: result={"code":200,"message":"Success","value":{"dmpID":"1953077773933364096","audiences":[{"id":"203265","name":[{"language":"zh","country":null,"value":"闲鱼定向包_20260528_bucket0"}],"description":[],"scale":423523,"status":1,"adsAudienceId":"1779951406791","updateTime":"2026-07-19 18:14:06","coverageCountReal":"42567700"}]}}
2026-07-20 08:26:53,787 [145] ERROR Ad.Web.BackgroudService.MktAudienceFileService - huawei文件 查询人群包状态失败: result={"code":200,"message":"Success","value":{"dmpID":"1953077773933364096","audiences":[{"id":"866959","name":[{"language":"zh","country":null,"value":"闲鱼点击人群_20260525_bucket0"}],"description":[],"scale":832499,"status":1,"adsAudienceId":"1779707070601","updateTime":"2026-07-20 06:38:45","coverageCountReal":"471104"}]}}
2026-07-20 08:26:54,018 [145] ERROR Ad.Web.BackgroudService.MktAudienceFileService - wifi文件 查询人群包状态失败: statusResult={"code":0,"message":"","data":{"crowdId":10023331,"crowdStatus":1,"msg":"待生效","matchType":"OAID-MD5"}}
2026-07-20 08:26:54,054 [145] ERROR Ad.Web.BackgroudService.MktAudienceFileService - wifi文件 查询人群包状态失败: statusResult={"code":0,"message":"","data":{"crowdId":10023395,"crowdStatus":1,"msg":"待生效","matchType":"OAID-MD5"}}
2026-07-20 08:26:54,137 [141] ERROR Ad.Web.BackgroudService.MktAudienceFileService - wifi文件 查询人群包状态失败: statusResult={"code":0,"message":"","data":{"crowdId":10023337,"crowdStatus":1,"msg":"待生效","matchType":"OAID-MD5"}}
2026-07-20 08:26:54,216 [141] ERROR Ad.Web.BackgroudService.MktAudienceFileService - wifi文件 查询人群包状态失败: statusResult={"code":0,"message":"","data":{"crowdId":10023338,"crowdStatus":1,"msg":"待生效","matchType":"OAID-MD5"}}
2026-07-20 08:26:54,346 [141] ERROR Ad.Web.BackgroudService.MktAudienceFileService - wifi文件 查询人群包状态失败: statusResult={"code":0,"message":"","data":{"crowdId":10023339,"crowdStatus":1,"msg":"待生效","matchType":"OAID-MD5"}}
2026-07-20 08:26:54,474 [141] ERROR Ad.Web.BackgroudService.MktAudienceFileService - wifi文件 查询人群包状态失败: statusResult={"code":0,"message":"","data":{"crowdId":10023340,"crowdStatus":1,"msg":"待生效","matchType":"OAID-MD5"}}
2026-07-20 08:26:54,602 [141] ERROR Ad.Web.BackgroudService.MktAudienceFileService - wifi文件 查询人群包状态失败: statusResult={"code":0,"message":"","data":{"crowdId":10023341,"crowdStatus":1,"msg":"待生效","matchType":"OAID-MD5"}}
2026-07-20 08:26:54,730 [141] ERROR Ad.Web.BackgroudService.MktAudienceFileService - wifi文件 查询人群包状态失败: statusResult={"code":0,"message":"","data":{"crowdId":10023342,"crowdStatus":1,"msg":"待生效","matchType":"OAID-MD5"}}
2026-07-20 08:26:54,760 [141] ERROR Ad.Web.BackgroudService.MktAudienceFileService - wifi文件 查询人群包状态失败: statusResult={"code":0,"message":"","data":{"crowdId":10023343,"crowdStatus":1,"msg":"待生效","matchType":"OAID-MD5"}}
2026-07-20 08:26:54,863 [141] ERROR Ad.Web.BackgroudService.MktAudienceFileService - wifi文件 查询人群包状态失败: statusResult={"code":0,"message":"","data":{"crowdId":10023344,"crowdStatus":1,"msg":"待生效","matchType":"OAID-MD5"}}
2026-07-20 08:26:54,993 [141] ERROR Ad.Web.BackgroudService.MktAudienceFileService - wifi文件 查询人群包状态失败: statusResult={"code":0,"message":"","data":{"crowdId":10023345,"crowdStatus":1,"msg":"待生效","matchType":"OAID-MD5"}}
2026-07-20 08:26:55,037 [141] ERROR Ad.Web.BackgroudService.MktAudienceFileService - wifi文件 查询人群包状态失败: statusResult={"code":0,"message":"","data":{"crowdId":10023346,"crowdStatus":1,"msg":"待生效","matchType":"OAID-MD5"}}
2026-07-20 08:26:55,135 [141] ERROR Ad.Web.BackgroudService.MktAudienceFileService - wifi文件 查询人群包状态失败: statusResult={"code":0,"message":"","data":{"crowdId":10023347,"crowdStatus":1,"msg":"待生效","matchType":"OAID-MD5"}}
2026-07-20 08:26:55,218 [141] ERROR Ad.Web.BackgroudService.MktAudienceFileService - wifi文件 查询人群包状态失败: statusResult={"code":0,"message":"","data":{"crowdId":10023348,"crowdStatus":1,"msg":"待生效","matchType":"OAID-MD5"}}
2026-07-20 08:26:55,302 [141] ERROR Ad.Web.BackgroudService.MktAudienceFileService - wifi文件 查询人群包状态失败: statusResult={"code":0,"message":"","data":{"crowdId":10023349,"crowdStatus":1,"msg":"待生效","matchType":"OAID-MD5"}}
2026-07-20 08:26:55,402 [141] ERROR Ad.Web.BackgroudService.MktAudienceFileService - wifi文件 查询人群包状态失败: statusResult={"code":0,"message":"","data":{"crowdId":10023350,"crowdStatus":1,"msg":"待生效","matchType":"OAID-MD5"}}
2026-07-20 08:26:55,442 [141] ERROR Ad.Web.BackgroudService.MktAudienceFileService - wifi文件 查询人群包状态失败: statusResult={"code":0,"message":"","data":{"crowdId":10023435,"crowdStatus":5,"msg":"待生效","matchType":"OAID-MD5"}}
2026-07-20 08:36:52,929 [157] ERROR Ad.Web.BackgroudService.MktAudienceFileService - huawei文件 查询人群包状态失败: result={"code":200,"message":"Success","value":{"dmpID":"1953077773933364096","audiences":[{"id":"203265","name":[{"language":"zh","country":null,"value":"闲鱼定向包_20260528_bucket0"}],"description":[],"scale":423523,"status":1,"adsAudienceId":"1779951406791","updateTime":"2026-07-19 18:14:06","coverageCountReal":"42567700"}]}}
2026-07-20 08:36:53,330 [157] ERROR Ad.Web.BackgroudService.MktAudienceFileService - huawei文件 查询人群包状态失败: result={"code":200,"message":"Success","value":{"dmpID":"1953077773933364096","audiences":[{"id":"866959","name":[{"language":"zh","country":null,"value":"闲鱼点击人群_20260525_bucket0"}],"description":[],"scale":832499,"status":1,"adsAudienceId":"1779707070601","updateTime":"2026-07-20 06:38:45","coverageCountReal":"471104"}]}}
2026-07-20 08:36:53,447 [157] ERROR Ad.Web.BackgroudService.MktAudienceFileService - wifi文件 查询人群包状态失败: statusResult={"code":0,"message":"","data":{"crowdId":10023331,"crowdStatus":1,"msg":"待生效","matchType":"OAID-MD5"}}
2026-07-20 08:36:53,471 [157] ERROR Ad.Web.BackgroudService.MktAudienceFileService - wifi文件 查询人群包状态失败: statusResult={"code":0,"message":"","data":{"crowdId":10023395,"crowdStatus":1,"msg":"待生效","matchType":"OAID-MD5"}}
2026-07-20 08:36:53,501 [157] ERROR Ad.Web.BackgroudService.MktAudienceFileService - wifi文件 查询人群包状态失败: statusResult={"code":0,"message":"","data":{"crowdId":10023337,"crowdStatus":1,"msg":"待生效","matchType":"OAID-MD5"}}
2026-07-20 08:36:53,525 [157] ERROR Ad.Web.BackgroudService.MktAudienceFileService - wifi文件 查询人群包状态失败: statusResult={"code":0,"message":"","data":{"crowdId":10023338,"crowdStatus":1,"msg":"待生效","matchType":"OAID-MD5"}}
2026-07-20 08:36:53,548 [157] ERROR Ad.Web.BackgroudService.MktAudienceFileService - wifi文件 查询人群包状态失败: statusResult={"code":0,"message":"","data":{"crowdId":10023339,"crowdStatus":1,"msg":"待生效","matchType":"OAID-MD5"}}
2026-07-20 08:36:53,571 [157] ERROR Ad.Web.BackgroudService.MktAudienceFileService - wifi文件 查询人群包状态失败: statusResult={"code":0,"message":"","data":{"crowdId":10023340,"crowdStatus":1,"msg":"待生效","matchType":"OAID-MD5"}}
2026-07-20 08:36:53,594 [157] ERROR Ad.Web.BackgroudService.MktAudienceFileService - wifi文件 查询人群包状态失败: statusResult={"code":0,"message":"","data":{"crowdId":10023341,"crowdStatus":1,"msg":"待生效","matchType":"OAID-MD5"}}
2026-07-20 08:36:53,617 [157] ERROR Ad.Web.BackgroudService.MktAudienceFileService - wifi文件 查询人群包状态失败: statusResult={"code":0,"message":"","data":{"crowdId":10023342,"crowdStatus":1,"msg":"待生效","matchType":"OAID-MD5"}}
2026-07-20 08:36:53,697 [157] ERROR Ad.Web.BackgroudService.MktAudienceFileService - wifi文件 查询人群包状态失败: statusResult={"code":0,"message":"","data":{"crowdId":10023343,"crowdStatus":1,"msg":"待生效","matchType":"OAID-MD5"}}
2026-07-20 08:36:53,719 [157] ERROR Ad.Web.BackgroudService.MktAudienceFileService - wifi文件 查询人群包状态失败: statusResult={"code":0,"message":"","data":{"crowdId":10023344,"crowdStatus":1,"msg":"待生效","matchType":"OAID-MD5"}}
2026-07-20 08:36:53,742 [157] ERROR Ad.Web.BackgroudService.MktAudienceFileService - wifi文件 查询人群包状态失败: statusResult={"code":0,"message":"","data":{"crowdId":10023345,"crowdStatus":1,"msg":"待生效","matchType":"OAID-MD5"}}
2026-07-20 08:36:53,766 [157] ERROR Ad.Web.BackgroudService.MktAudienceFileService - wifi文件 查询人群包状态失败: statusResult={"code":0,"message":"","data":{"crowdId":10023346,"crowdStatus":1,"msg":"待生效","matchType":"OAID-MD5"}}
2026-07-20 08:36:53,789 [157] ERROR Ad.Web.BackgroudService.MktAudienceFileService - wifi文件 查询人群包状态失败: statusResult={"code":0,"message":"","data":{"crowdId":10023347,"crowdStatus":1,"msg":"待生效","matchType":"OAID-MD5"}}
2026-07-20 08:36:53,811 [157] ERROR Ad.Web.BackgroudService.MktAudienceFileService - wifi文件 查询人群包状态失败: statusResult={"code":0,"message":"","data":{"crowdId":10023348,"crowdStatus":1,"msg":"待生效","matchType":"OAID-MD5"}}
2026-07-20 08:36:53,834 [157] ERROR Ad.Web.BackgroudService.MktAudienceFileService - wifi文件 查询人群包状态失败: statusResult={"code":0,"message":"","data":{"crowdId":10023349,"crowdStatus":1,"msg":"待生效","matchType":"OAID-MD5"}}
2026-07-20 08:36:53,857 [157] ERROR Ad.Web.BackgroudService.MktAudienceFileService - wifi文件 查询人群包状态失败: statusResult={"code":0,"message":"","data":{"crowdId":10023350,"crowdStatus":1,"msg":"待生效","matchType":"OAID-MD5"}}
2026-07-20 08:36:53,881 [157] ERROR Ad.Web.BackgroudService.MktAudienceFileService - wifi文件 查询人群包状态失败: statusResult={"code":0,"message":"","data":{"crowdId":10023435,"crowdStatus":5,"msg":"待生效","matchType":"OAID-MD5"}}
2026-07-20 08:46:50,747 [109] ERROR Ad.Web.BackgroudService.MktDownloadService - FtpGetFileSize ex.msg:The remote server returned an error: (550) File unavailable (e.g., file not found, no access).
2026-07-20 08:46:52,880 [92] ERROR Ad.Web.BackgroudService.MktAudienceFileService - huawei文件 查询人群包状态失败: result={"code":200,"message":"Success","value":{"dmpID":"1953077773933364096","audiences":[{"id":"203265","name":[{"language":"zh","country":null,"value":"闲鱼定向包_20260528_bucket0"}],"description":[],"scale":423523,"status":1,"adsAudienceId":"1779951406791","updateTime":"2026-07-19 18:14:06","coverageCountReal":"42567700"}]}}
2026-07-20 08:46:53,308 [187] ERROR Ad.Web.BackgroudService.MktAudienceFileService - huawei文件 查询人群包状态失败: result={"code":200,"message":"Success","value":{"dmpID":"1953077773933364096","audiences":[{"id":"866959","name":[{"language":"zh","country":null,"value":"闲鱼点击人群_20260525_bucket0"}],"description":[],"scale":832499,"status":1,"adsAudienceId":"1779707070601","updateTime":"2026-07-20 06:38:45","coverageCountReal":"471104"}]}}
2026-07-20 08:46:53,428 [133] ERROR Ad.Web.BackgroudService.MktAudienceFileService - wifi文件 查询人群包状态失败: statusResult={"code":0,"message":"","data":{"crowdId":10023331,"crowdStatus":1,"msg":"待生效","matchType":"OAID-MD5"}}
2026-07-20 08:46:53,453 [133] ERROR Ad.Web.BackgroudService.MktAudienceFileService - wifi文件 查询人群包状态失败: statusResult={"code":0,"message":"","data":{"crowdId":10023395,"crowdStatus":1,"msg":"待生效","matchType":"OAID-MD5"}}
2026-07-20 08:46:53,477 [133] ERROR Ad.Web.BackgroudService.MktAudienceFileService - wifi文件 查询人群包状态失败: statusResult={"code":0,"message":"","data":{"crowdId":10023337,"crowdStatus":1,"msg":"待生效","matchType":"OAID-MD5"}}
2026-07-20 08:46:53,501 [133] ERROR Ad.Web.BackgroudService.MktAudienceFileService - wifi文件 查询人群包状态失败: statusResult={"code":0,"message":"","data":{"crowdId":10023338,"crowdStatus":1,"msg":"待生效","matchType":"OAID-MD5"}}
2026-07-20 08:46:53,525 [133] ERROR Ad.Web.BackgroudService.MktAudienceFileService - wifi文件 查询人群包状态失败: statusResult={"code":0,"message":"","data":{"crowdId":10023339,"crowdStatus":1,"msg":"待生效","matchType":"OAID-MD5"}}
2026-07-20 08:46:53,548 [92] ERROR Ad.Web.BackgroudService.MktAudienceFileService - wifi文件 查询人群包状态失败: statusResult={"code":0,"message":"","data":{"crowdId":10023340,"crowdStatus":1,"msg":"待生效","matchType":"OAID-MD5"}}
2026-07-20 08:46:53,573 [64] ERROR Ad.Web.BackgroudService.MktAudienceFileService - wifi文件 查询人群包状态失败: statusResult={"code":0,"message":"","data":{"crowdId":10023341,"crowdStatus":1,"msg":"待生效","matchType":"OAID-MD5"}}
2026-07-20 08:46:53,596 [92] ERROR Ad.Web.BackgroudService.MktAudienceFileService - wifi文件 查询人群包状态失败: statusResult={"code":0,"message":"","data":{"crowdId":10023342,"crowdStatus":1,"msg":"待生效","matchType":"OAID-MD5"}}
2026-07-20 08:46:53,619 [92] ERROR Ad.Web.BackgroudService.MktAudienceFileService - wifi文件 查询人群包状态失败: statusResult={"code":0,"message":"","data":{"crowdId":10023343,"crowdStatus":1,"msg":"待生效","matchType":"OAID-MD5"}}
2026-07-20 08:46:53,643 [64] ERROR Ad.Web.BackgroudService.MktAudienceFileService - wifi文件 查询人群包状态失败: statusResult={"code":0,"message":"","data":{"crowdId":10023344,"crowdStatus":1,"msg":"待生效","matchType":"OAID-MD5"}}
2026-07-20 08:46:53,667 [92] ERROR Ad.Web.BackgroudService.MktAudienceFileService - wifi文件 查询人群包状态失败: statusResult={"code":0,"message":"","data":{"crowdId":10023345,"crowdStatus":1,"msg":"待生效","matchType":"OAID-MD5"}}
2026-07-20 08:46:53,690 [133] ERROR Ad.Web.BackgroudService.MktAudienceFileService - wifi文件 查询人群包状态失败: statusResult={"code":0,"message":"","data":{"crowdId":10023346,"crowdStatus":1,"msg":"待生效","matchType":"OAID-MD5"}}
2026-07-20 08:46:53,713 [64] ERROR Ad.Web.BackgroudService.MktAudienceFileService - wifi文件 查询人群包状态失败: statusResult={"code":0,"message":"","data":{"crowdId":10023347,"crowdStatus":1,"msg":"待生效","matchType":"OAID-MD5"}}
2026-07-20 08:46:53,736 [133] ERROR Ad.Web.BackgroudService.MktAudienceFileService - wifi文件 查询人群包状态失败: statusResult={"code":0,"message":"","data":{"crowdId":10023348,"crowdStatus":1,"msg":"待生效","matchType":"OAID-MD5"}}
2026-07-20 08:46:53,759 [133] ERROR Ad.Web.BackgroudService.MktAudienceFileService - wifi文件 查询人群包状态失败: statusResult={"code":0,"message":"","data":{"crowdId":10023349,"crowdStatus":1,"msg":"待生效","matchType":"OAID-MD5"}}
2026-07-20 08:46:53,783 [135] ERROR Ad.Web.BackgroudService.MktAudienceFileService - wifi文件 查询人群包状态失败: statusResult={"code":0,"message":"","data":{"crowdId":10023350,"crowdStatus":1,"msg":"待生效","matchType":"OAID-MD5"}}
2026-07-20 08:46:53,806 [135] ERROR Ad.Web.BackgroudService.MktAudienceFileService - wifi文件 查询人群包状态失败: statusResult={"code":0,"message":"","data":{"crowdId":10023435,"crowdStatus":5,"msg":"待生效","matchType":"OAID-MD5"}}
2026-07-20 08:56:53,536 [152] ERROR Ad.Web.BackgroudService.MktAudienceFileService - huawei文件 查询人群包状态失败: result={"code":200,"message":"Success","value":{"dmpID":"1953077773933364096","audiences":[{"id":"203265","name":[{"language":"zh","country":null,"value":"闲鱼定向包_20260528_bucket0"}],"description":[],"scale":423523,"status":1,"adsAudienceId":"1779951406791","updateTime":"2026-07-19 18:14:06","coverageCountReal":"42567700"}]}}
2026-07-20 08:56:54,026 [152] ERROR Ad.Web.BackgroudService.MktAudienceFileService - huawei文件 查询人群包状态失败: result={"code":200,"message":"Success","value":{"dmpID":"1953077773933364096","audiences":[{"id":"866959","name":[{"language":"zh","country":null,"value":"闲鱼点击人群_20260525_bucket0"}],"description":[],"scale":832499,"status":1,"adsAudienceId":"1779707070601","updateTime":"2026-07-20 06:38:45","coverageCountReal":"471104"}]}}
2026-07-20 08:56:54,219 [147] ERROR Ad.Web.BackgroudService.MktAudienceFileService - wifi文件 查询人群包状态失败: statusResult={"code":0,"message":"","data":{"crowdId":10023331,"crowdStatus":1,"msg":"待生效","matchType":"OAID-MD5"}}
2026-07-20 08:56:54,346 [147] ERROR Ad.Web.BackgroudService.MktAudienceFileService - wifi文件 查询人群包状态失败: statusResult={"code":0,"message":"","data":{"crowdId":10023395,"crowdStatus":1,"msg":"待生效","matchType":"OAID-MD5"}}
2026-07-20 08:56:54,370 [147] ERROR Ad.Web.BackgroudService.MktAudienceFileService - wifi文件 查询人群包状态失败: statusResult={"code":0,"message":"","data":{"crowdId":10023337,"crowdStatus":1,"msg":"待生效","matchType":"OAID-MD5"}}
2026-07-20 08:56:54,393 [147] ERROR Ad.Web.BackgroudService.MktAudienceFileService - wifi文件 查询人群包状态失败: statusResult={"code":0,"message":"","data":{"crowdId":10023338,"crowdStatus":1,"msg":"待生效","matchType":"OAID-MD5"}}
2026-07-20 08:56:54,455 [147] ERROR Ad.Web.BackgroudService.MktAudienceFileService - wifi文件 查询人群包状态失败: statusResult={"code":0,"message":"","data":{"crowdId":10023339,"crowdStatus":1,"msg":"待生效","matchType":"OAID-MD5"}}
2026-07-20 08:56:54,585 [147] ERROR Ad.Web.BackgroudService.MktAudienceFileService - wifi文件 查询人群包状态失败: statusResult={"code":0,"message":"","data":{"crowdId":10023340,"crowdStatus":1,"msg":"待生效","matchType":"OAID-MD5"}}
2026-07-20 08:56:54,664 [147] ERROR Ad.Web.BackgroudService.MktAudienceFileService - wifi文件 查询人群包状态失败: statusResult={"code":0,"message":"","data":{"crowdId":10023341,"crowdStatus":1,"msg":"待生效","matchType":"OAID-MD5"}}
2026-07-20 08:56:54,749 [147] ERROR Ad.Web.BackgroudService.MktAudienceFileService - wifi文件 查询人群包状态失败: statusResult={"code":0,"message":"","data":{"crowdId":10023342,"crowdStatus":1,"msg":"待生效","matchType":"OAID-MD5"}}
2026-07-20 08:56:54,793 [147] ERROR Ad.Web.BackgroudService.MktAudienceFileService - wifi文件 查询人群包状态失败: statusResult={"code":0,"message":"","data":{"crowdId":10023343,"crowdStatus":1,"msg":"待生效","matchType":"OAID-MD5"}}
2026-07-20 08:56:54,816 [147] ERROR Ad.Web.BackgroudService.MktAudienceFileService - wifi文件 查询人群包状态失败: statusResult={"code":0,"message":"","data":{"crowdId":10023344,"crowdStatus":1,"msg":"待生效","matchType":"OAID-MD5"}}
2026-07-20 08:56:54,909 [147] ERROR Ad.Web.BackgroudService.MktAudienceFileService - wifi文件 查询人群包状态失败: statusResult={"code":0,"message":"","data":{"crowdId":10023345,"crowdStatus":1,"msg":"待生效","matchType":"OAID-MD5"}}
2026-07-20 08:56:55,044 [147] ERROR Ad.Web.BackgroudService.MktAudienceFileService - wifi文件 查询人群包状态失败: statusResult={"code":0,"message":"","data":{"crowdId":10023346,"crowdStatus":1,"msg":"待生效","matchType":"OAID-MD5"}}
2026-07-20 08:56:55,118 [147] ERROR Ad.Web.BackgroudService.MktAudienceFileService - wifi文件 查询人群包状态失败: statusResult={"code":0,"message":"","data":{"crowdId":10023347,"crowdStatus":1,"msg":"待生效","matchType":"OAID-MD5"}}
2026-07-20 08:56:55,142 [147] ERROR Ad.Web.BackgroudService.MktAudienceFileService - wifi文件 查询人群包状态失败: statusResult={"code":0,"message":"","data":{"crowdId":10023348,"crowdStatus":1,"msg":"待生效","matchType":"OAID-MD5"}}
2026-07-20 08:56:55,165 [147] ERROR Ad.Web.BackgroudService.MktAudienceFileService - wifi文件 查询人群包状态失败: statusResult={"code":0,"message":"","data":{"crowdId":10023349,"crowdStatus":1,"msg":"待生效","matchType":"OAID-MD5"}}
2026-07-20 08:56:55,189 [147] ERROR Ad.Web.BackgroudService.MktAudienceFileService - wifi文件 查询人群包状态失败: statusResult={"code":0,"message":"","data":{"crowdId":10023350,"crowdStatus":1,"msg":"待生效","matchType":"OAID-MD5"}}
2026-07-20 08:56:55,297 [147] ERROR Ad.Web.BackgroudService.MktAudienceFileService - wifi文件 查询人群包状态失败: statusResult={"code":0,"message":"","data":{"crowdId":10023435,"crowdStatus":5,"msg":"待生效","matchType":"OAID-MD5"}}
2026-07-20 09:06:53,116 [160] ERROR Ad.Web.BackgroudService.MktAudienceFileService - huawei文件 查询人群包状态失败: result={"code":200,"message":"Success","value":{"dmpID":"1953077773933364096","audiences":[{"id":"203265","name":[{"language":"zh","country":null,"value":"闲鱼定向包_20260528_bucket0"}],"description":[],"scale":423523,"status":1,"adsAudienceId":"1779951406791","updateTime":"2026-07-19 18:14:06","coverageCountReal":"42567700"}]}}
2026-07-20 09:06:53,514 [160] ERROR Ad.Web.BackgroudService.MktAudienceFileService - huawei文件 查询人群包状态失败: result={"code":200,"message":"Success","value":{"dmpID":"1953077773933364096","audiences":[{"id":"866959","name":[{"language":"zh","country":null,"value":"闲鱼点击人群_20260525_bucket0"}],"description":[],"scale":832499,"status":1,"adsAudienceId":"1779707070601","updateTime":"2026-07-20 06:38:45","coverageCountReal":"471104"}]}}
2026-07-20 09:06:53,631 [160] ERROR Ad.Web.BackgroudService.MktAudienceFileService - wifi文件 查询人群包状态失败: statusResult={"code":0,"message":"","data":{"crowdId":10023331,"crowdStatus":1,"msg":"待生效","matchType":"OAID-MD5"}}
2026-07-20 09:06:53,655 [160] ERROR Ad.Web.BackgroudService.MktAudienceFileService - wifi文件 查询人群包状态失败: statusResult={"code":0,"message":"","data":{"crowdId":10023395,"crowdStatus":1,"msg":"待生效","matchType":"OAID-MD5"}}
2026-07-20 09:06:53,681 [160] ERROR Ad.Web.BackgroudService.MktAudienceFileService - wifi文件 查询人群包状态失败: statusResult={"code":0,"message":"","data":{"crowdId":10023337,"crowdStatus":1,"msg":"待生效","matchType":"OAID-MD5"}}
2026-07-20 09:06:53,704 [160] ERROR Ad.Web.BackgroudService.MktAudienceFileService - wifi文件 查询人群包状态失败: statusResult={"code":0,"message":"","data":{"crowdId":10023338,"crowdStatus":1,"msg":"待生效","matchType":"OAID-MD5"}}
2026-07-20 09:06:53,728 [160] ERROR Ad.Web.BackgroudService.MktAudienceFileService - wifi文件 查询人群包状态失败: statusResult={"code":0,"message":"","data":{"crowdId":10023339,"crowdStatus":1,"msg":"待生效","matchType":"OAID-MD5"}}
2026-07-20 09:06:53,752 [160] ERROR Ad.Web.BackgroudService.MktAudienceFileService - wifi文件 查询人群包状态失败: statusResult={"code":0,"message":"","data":{"crowdId":10023340,"crowdStatus":1,"msg":"待生效","matchType":"OAID-MD5"}}
2026-07-20 09:06:53,776 [160] ERROR Ad.Web.BackgroudService.MktAudienceFileService - wifi文件 查询人群包状态失败: statusResult={"code":0,"message":"","data":{"crowdId":10023341,"crowdStatus":1,"msg":"待生效","matchType":"OAID-MD5"}}
2026-07-20 09:06:53,799 [160] ERROR Ad.Web.BackgroudService.MktAudienceFileService - wifi文件 查询人群包状态失败: statusResult={"code":0,"message":"","data":{"crowdId":10023342,"crowdStatus":1,"msg":"待生效","matchType":"OAID-MD5"}}
2026-07-20 09:06:53,822 [160] ERROR Ad.Web.BackgroudService.MktAudienceFileService - wifi文件 查询人群包状态失败: statusResult={"code":0,"message":"","data":{"crowdId":10023343,"crowdStatus":1,"msg":"待生效","matchType":"OAID-MD5"}}
2026-07-20 09:06:53,846 [160] ERROR Ad.Web.BackgroudService.MktAudienceFileService - wifi文件 查询人群包状态失败: statusResult={"code":0,"message":"","data":{"crowdId":10023344,"crowdStatus":1,"msg":"待生效","matchType":"OAID-MD5"}}
2026-07-20 09:06:53,870 [160] ERROR Ad.Web.BackgroudService.MktAudienceFileService - wifi文件 查询人群包状态失败: statusResult={"code":0,"message":"","data":{"crowdId":10023345,"crowdStatus":1,"msg":"待生效","matchType":"OAID-MD5"}}
2026-07-20 09:06:53,894 [160] ERROR Ad.Web.BackgroudService.MktAudienceFileService - wifi文件 查询人群包状态失败: statusResult={"code":0,"message":"","data":{"crowdId":10023346,"crowdStatus":1,"msg":"待生效","matchType":"OAID-MD5"}}
2026-07-20 09:06:53,917 [160] ERROR Ad.Web.BackgroudService.MktAudienceFileService - wifi文件 查询人群包状态失败: statusResult={"code":0,"message":"","data":{"crowdId":10023347,"crowdStatus":1,"msg":"待生效","matchType":"OAID-MD5"}}
2026-07-20 09:06:53,941 [151] ERROR Ad.Web.BackgroudService.MktAudienceFileService - wifi文件 查询人群包状态失败: statusResult={"code":0,"message":"","data":{"crowdId":10023348,"crowdStatus":1,"msg":"待生效","matchType":"OAID-MD5"}}
2026-07-20 09:06:53,966 [151] ERROR Ad.Web.BackgroudService.MktAudienceFileService - wifi文件 查询人群包状态失败: statusResult={"code":0,"message":"","data":{"crowdId":10023349,"crowdStatus":1,"msg":"待生效","matchType":"OAID-MD5"}}
2026-07-20 09:06:53,990 [151] ERROR Ad.Web.BackgroudService.MktAudienceFileService - wifi文件 查询人群包状态失败: statusResult={"code":0,"message":"","data":{"crowdId":10023350,"crowdStatus":1,"msg":"待生效","matchType":"OAID-MD5"}}
2026-07-20 09:06:54,013 [151] ERROR Ad.Web.BackgroudService.MktAudienceFileService - wifi文件 查询人群包状态失败: statusResult={"code":0,"message":"","data":{"crowdId":10023435,"crowdStatus":5,"msg":"待生效","matchType":"OAID-MD5"}}
2026-07-20 09:16:50,785 [162] ERROR Ad.Web.BackgroudService.MktDownloadService - FtpGetFileSize ex.msg:The remote server returned an error: (550) File unavailable (e.g., file not found, no access).
2026-07-20 09:16:53,123 [56] ERROR Ad.Web.BackgroudService.MktAudienceFileService - huawei文件 查询人群包状态失败: result={"code":200,"message":"Success","value":{"dmpID":"1953077773933364096","audiences":[{"id":"203265","name":[{"language":"zh","country":null,"value":"闲鱼定向包_20260528_bucket0"}],"description":[],"scale":423523,"status":1,"adsAudienceId":"1779951406791","updateTime":"2026-07-19 18:14:06","coverageCountReal":"42567700"}]}}
2026-07-20 09:16:53,551 [72] ERROR Ad.Web.BackgroudService.MktAudienceFileService - huawei文件 查询人群包状态失败: result={"code":200,"message":"Success","value":{"dmpID":"1953077773933364096","audiences":[{"id":"866959","name":[{"language":"zh","country":null,"value":"闲鱼点击人群_20260525_bucket0"}],"description":[],"scale":832499,"status":1,"adsAudienceId":"1779707070601","updateTime":"2026-07-20 06:38:45","coverageCountReal":"471104"}]}}
2026-07-20 09:16:53,673 [56] ERROR Ad.Web.BackgroudService.MktAudienceFileService - wifi文件 查询人群包状态失败: statusResult={"code":0,"message":"","data":{"crowdId":10023331,"crowdStatus":1,"msg":"待生效","matchType":"OAID-MD5"}}
2026-07-20 09:16:53,697 [56] ERROR Ad.Web.BackgroudService.MktAudienceFileService - wifi文件 查询人群包状态失败: statusResult={"code":0,"message":"","data":{"crowdId":10023395,"crowdStatus":1,"msg":"待生效","matchType":"OAID-MD5"}}
2026-07-20 09:16:53,722 [162] ERROR Ad.Web.BackgroudService.MktAudienceFileService - wifi文件 查询人群包状态失败: statusResult={"code":0,"message":"","data":{"crowdId":10023337,"crowdStatus":1,"msg":"待生效","matchType":"OAID-MD5"}}
2026-07-20 09:16:53,746 [56] ERROR Ad.Web.BackgroudService.MktAudienceFileService - wifi文件 查询人群包状态失败: statusResult={"code":0,"message":"","data":{"crowdId":10023338,"crowdStatus":1,"msg":"待生效","matchType":"OAID-MD5"}}
2026-07-20 09:16:53,770 [72] ERROR Ad.Web.BackgroudService.MktAudienceFileService - wifi文件 查询人群包状态失败: statusResult={"code":0,"message":"","data":{"crowdId":10023339,"crowdStatus":1,"msg":"待生效","matchType":"OAID-MD5"}}
2026-07-20 09:16:53,794 [162] ERROR Ad.Web.BackgroudService.MktAudienceFileService - wifi文件 查询人群包状态失败: statusResult={"code":0,"message":"","data":{"crowdId":10023340,"crowdStatus":1,"msg":"待生效","matchType":"OAID-MD5"}}
2026-07-20 09:16:53,818 [74] ERROR Ad.Web.BackgroudService.MktAudienceFileService - wifi文件 查询人群包状态失败: statusResult={"code":0,"message":"","data":{"crowdId":10023341,"crowdStatus":1,"msg":"待生效","matchType":"OAID-MD5"}}
2026-07-20 09:16:53,852 [162] ERROR Ad.Web.BackgroudService.MktAudienceFileService - wifi文件 查询人群包状态失败: statusResult={"code":0,"message":"","data":{"crowdId":10023342,"crowdStatus":1,"msg":"待生效","matchType":"OAID-MD5"}}
2026-07-20 09:16:53,895 [74] ERROR Ad.Web.BackgroudService.MktAudienceFileService - wifi文件 查询人群包状态失败: statusResult={"code":0,"message":"","data":{"crowdId":10023343,"crowdStatus":1,"msg":"待生效","matchType":"OAID-MD5"}}
2026-07-20 09:16:53,919 [56] ERROR Ad.Web.BackgroudService.MktAudienceFileService - wifi文件 查询人群包状态失败: statusResult={"code":0,"message":"","data":{"crowdId":10023344,"crowdStatus":1,"msg":"待生效","matchType":"OAID-MD5"}}
2026-07-20 09:16:53,944 [56] ERROR Ad.Web.BackgroudService.MktAudienceFileService - wifi文件 查询人群包状态失败: statusResult={"code":0,"message":"","data":{"crowdId":10023345,"crowdStatus":1,"msg":"待生效","matchType":"OAID-MD5"}}
2026-07-20 09:16:53,971 [74] ERROR Ad.Web.BackgroudService.MktAudienceFileService - wifi文件 查询人群包状态失败: statusResult={"code":0,"message":"","data":{"crowdId":10023346,"crowdStatus":1,"msg":"待生效","matchType":"OAID-MD5"}}
2026-07-20 09:16:53,996 [74] ERROR Ad.Web.BackgroudService.MktAudienceFileService - wifi文件 查询人群包状态失败: statusResult={"code":0,"message":"","data":{"crowdId":10023347,"crowdStatus":1,"msg":"待生效","matchType":"OAID-MD5"}}
2026-07-20 09:16:54,020 [56] ERROR Ad.Web.BackgroudService.MktAudienceFileService - wifi文件 查询人群包状态失败: statusResult={"code":0,"message":"","data":{"crowdId":10023348,"crowdStatus":1,"msg":"待生效","matchType":"OAID-MD5"}}
2026-07-20 09:16:54,044 [56] ERROR Ad.Web.BackgroudService.MktAudienceFileService - wifi文件 查询人群包状态失败: statusResult={"code":0,"message":"","data":{"crowdId":10023349,"crowdStatus":1,"msg":"待生效","matchType":"OAID-MD5"}}
2026-07-20 09:16:54,068 [56] ERROR Ad.Web.BackgroudService.MktAudienceFileService - wifi文件 查询人群包状态失败: statusResult={"code":0,"message":"","data":{"crowdId":10023350,"crowdStatus":1,"msg":"待生效","matchType":"OAID-MD5"}}
2026-07-20 09:16:54,093 [74] ERROR Ad.Web.BackgroudService.MktAudienceFileService - wifi文件 查询人群包状态失败: statusResult={"code":0,"message":"","data":{"crowdId":10023435,"crowdStatus":5,"msg":"待生效","matchType":"OAID-MD5"}}
2026-07-20 09:26:53,569 [59] ERROR Ad.Web.BackgroudService.MktAudienceFileService - huawei文件 查询人群包状态失败: result={"code":200,"message":"Success","value":{"dmpID":"1953077773933364096","audiences":[{"id":"203265","name":[{"language":"zh","country":null,"value":"闲鱼定向包_20260528_bucket0"}],"description":[],"scale":423523,"status":1,"adsAudienceId":"1779951406791","updateTime":"2026-07-19 18:14:06","coverageCountReal":"42567700"}]}}
2026-07-20 09:26:54,014 [59] ERROR Ad.Web.BackgroudService.MktAudienceFileService - huawei文件 查询人群包状态失败: result={"code":200,"message":"Success","value":{"dmpID":"1953077773933364096","audiences":[{"id":"866959","name":[{"language":"zh","country":null,"value":"闲鱼点击人群_20260525_bucket0"}],"description":[],"scale":832499,"status":1,"adsAudienceId":"1779707070601","updateTime":"2026-07-20 06:38:45","coverageCountReal":"471104"}]}}
2026-07-20 09:26:54,290 [59] ERROR Ad.Web.BackgroudService.MktAudienceFileService - wifi文件 查询人群包状态失败: statusResult={"code":0,"message":"","data":{"crowdId":10023331,"crowdStatus":1,"msg":"待生效","matchType":"OAID-MD5"}}
2026-07-20 09:26:54,415 [59] ERROR Ad.Web.BackgroudService.MktAudienceFileService - wifi文件 查询人群包状态失败: statusResult={"code":0,"message":"","data":{"crowdId":10023395,"crowdStatus":1,"msg":"待生效","matchType":"OAID-MD5"}}
2026-07-20 09:26:54,440 [59] ERROR Ad.Web.BackgroudService.MktAudienceFileService - wifi文件 查询人群包状态失败: statusResult={"code":0,"message":"","data":{"crowdId":10023337,"crowdStatus":1,"msg":"待生效","matchType":"OAID-MD5"}}
2026-07-20 09:26:54,476 [67] ERROR Ad.Web.BackgroudService.MktAudienceFileService - wifi文件 查询人群包状态失败: statusResult={"code":0,"message":"","data":{"crowdId":10023338,"crowdStatus":1,"msg":"待生效","matchType":"OAID-MD5"}}
2026-07-20 09:26:54,604 [67] ERROR Ad.Web.BackgroudService.MktAudienceFileService - wifi文件 查询人群包状态失败: statusResult={"code":0,"message":"","data":{"crowdId":10023339,"crowdStatus":1,"msg":"待生效","matchType":"OAID-MD5"}}
2026-07-20 09:26:54,706 [67] ERROR Ad.Web.BackgroudService.MktAudienceFileService - wifi文件 查询人群包状态失败: statusResult={"code":0,"message":"","data":{"crowdId":10023340,"crowdStatus":1,"msg":"待生效","matchType":"OAID-MD5"}}
2026-07-20 09:26:54,792 [67] ERROR Ad.Web.BackgroudService.MktAudienceFileService - wifi文件 查询人群包状态失败: statusResult={"code":0,"message":"","data":{"crowdId":10023341,"crowdStatus":1,"msg":"待生效","matchType":"OAID-MD5"}}
2026-07-20 09:26:54,886 [67] ERROR Ad.Web.BackgroudService.MktAudienceFileService - wifi文件 查询人群包状态失败: statusResult={"code":0,"message":"","data":{"crowdId":10023342,"crowdStatus":1,"msg":"待生效","matchType":"OAID-MD5"}}
2026-07-20 09:26:55,018 [67] ERROR Ad.Web.BackgroudService.MktAudienceFileService - wifi文件 查询人群包状态失败: statusResult={"code":0,"message":"","data":{"crowdId":10023343,"crowdStatus":1,"msg":"待生效","matchType":"OAID-MD5"}}
2026-07-20 09:26:55,065 [67] ERROR Ad.Web.BackgroudService.MktAudienceFileService - wifi文件 查询人群包状态失败: statusResult={"code":0,"message":"","data":{"crowdId":10023344,"crowdStatus":1,"msg":"待生效","matchType":"OAID-MD5"}}
2026-07-20 09:26:55,147 [67] ERROR Ad.Web.BackgroudService.MktAudienceFileService - wifi文件 查询人群包状态失败: statusResult={"code":0,"message":"","data":{"crowdId":10023345,"crowdStatus":1,"msg":"待生效","matchType":"OAID-MD5"}}
2026-07-20 09:26:55,170 [67] ERROR Ad.Web.BackgroudService.MktAudienceFileService - wifi文件 查询人群包状态失败: statusResult={"code":0,"message":"","data":{"crowdId":10023346,"crowdStatus":1,"msg":"待生效","matchType":"OAID-MD5"}}
2026-07-20 09:26:55,193 [67] ERROR Ad.Web.BackgroudService.MktAudienceFileService - wifi文件 查询人群包状态失败: statusResult={"code":0,"message":"","data":{"crowdId":10023347,"crowdStatus":1,"msg":"待生效","matchType":"OAID-MD5"}}
2026-07-20 09:26:55,274 [67] ERROR Ad.Web.BackgroudService.MktAudienceFileService - wifi文件 查询人群包状态失败: statusResult={"code":0,"message":"","data":{"crowdId":10023348,"crowdStatus":1,"msg":"待生效","matchType":"OAID-MD5"}}
2026-07-20 09:26:55,354 [67] ERROR Ad.Web.BackgroudService.MktAudienceFileService - wifi文件 查询人群包状态失败: statusResult={"code":0,"message":"","data":{"crowdId":10023349,"crowdStatus":1,"msg":"待生效","matchType":"OAID-MD5"}}
2026-07-20 09:26:55,377 [67] ERROR Ad.Web.BackgroudService.MktAudienceFileService - wifi文件 查询人群包状态失败: statusResult={"code":0,"message":"","data":{"crowdId":10023350,"crowdStatus":1,"msg":"待生效","matchType":"OAID-MD5"}}
2026-07-20 09:26:55,463 [67] ERROR Ad.Web.BackgroudService.MktAudienceFileService - wifi文件 查询人群包状态失败: statusResult={"code":0,"message":"","data":{"crowdId":10023435,"crowdStatus":5,"msg":"待生效","matchType":"OAID-MD5"}}
2026-07-20 09:36:52,744 [60] ERROR Ad.Web.BackgroudService.MktAudienceFileService - huawei文件 查询人群包状态失败: result={"code":200,"message":"Success","value":{"dmpID":"1953077773933364096","audiences":[{"id":"203265","name":[{"language":"zh","country":null,"value":"闲鱼定向包_20260528_bucket0"}],"description":[],"scale":423523,"status":1,"adsAudienceId":"1779951406791","updateTime":"2026-07-19 18:14:06","coverageCountReal":"42567700"}]}}
2026-07-20 09:36:53,227 [60] ERROR Ad.Web.BackgroudService.MktAudienceFileService - huawei文件 查询人群包状态失败: result={"code":200,"message":"Success","value":{"dmpID":"1953077773933364096","audiences":[{"id":"866959","name":[{"language":"zh","country":null,"value":"闲鱼点击人群_20260525_bucket0"}],"description":[],"scale":832499,"status":1,"adsAudienceId":"1779707070601","updateTime":"2026-07-20 06:38:45","coverageCountReal":"471104"}]}}
2026-07-20 09:36:54,350 [60] ERROR Ad.Web.BackgroudService.MktAudienceFileService - wifi文件 查询人群包状态失败: statusResult={"code":0,"message":"","data":{"crowdId":10023331,"crowdStatus":1,"msg":"待生效","matchType":"OAID-MD5"}}
2026-07-20 09:36:54,374 [60] ERROR Ad.Web.BackgroudService.MktAudienceFileService - wifi文件 查询人群包状态失败: statusResult={"code":0,"message":"","data":{"crowdId":10023395,"crowdStatus":1,"msg":"待生效","matchType":"OAID-MD5"}}
2026-07-20 09:36:54,400 [60] ERROR Ad.Web.BackgroudService.MktAudienceFileService - wifi文件 查询人群包状态失败: statusResult={"code":0,"message":"","data":{"crowdId":10023337,"crowdStatus":1,"msg":"待生效","matchType":"OAID-MD5"}}
2026-07-20 09:36:54,424 [60] ERROR Ad.Web.BackgroudService.MktAudienceFileService - wifi文件 查询人群包状态失败: statusResult={"code":0,"message":"","data":{"crowdId":10023338,"crowdStatus":1,"msg":"待生效","matchType":"OAID-MD5"}}
2026-07-20 09:36:54,449 [60] ERROR Ad.Web.BackgroudService.MktAudienceFileService - wifi文件 查询人群包状态失败: statusResult={"code":0,"message":"","data":{"crowdId":10023339,"crowdStatus":1,"msg":"待生效","matchType":"OAID-MD5"}}
2026-07-20 09:36:54,474 [60] ERROR Ad.Web.BackgroudService.MktAudienceFileService - wifi文件 查询人群包状态失败: statusResult={"code":0,"message":"","data":{"crowdId":10023340,"crowdStatus":1,"msg":"待生效","matchType":"OAID-MD5"}}
2026-07-20 09:36:54,499 [60] ERROR Ad.Web.BackgroudService.MktAudienceFileService - wifi文件 查询人群包状态失败: statusResult={"code":0,"message":"","data":{"crowdId":10023341,"crowdStatus":1,"msg":"待生效","matchType":"OAID-MD5"}}
2026-07-20 09:36:54,523 [60] ERROR Ad.Web.BackgroudService.MktAudienceFileService - wifi文件 查询人群包状态失败: statusResult={"code":0,"message":"","data":{"crowdId":10023342,"crowdStatus":1,"msg":"待生效","matchType":"OAID-MD5"}}
2026-07-20 09:36:54,547 [60] ERROR Ad.Web.BackgroudService.MktAudienceFileService - wifi文件 查询人群包状态失败: statusResult={"code":0,"message":"","data":{"crowdId":10023343,"crowdStatus":1,"msg":"待生效","matchType":"OAID-MD5"}}
2026-07-20 09:36:54,570 [60] ERROR Ad.Web.BackgroudService.MktAudienceFileService - wifi文件 查询人群包状态失败: statusResult={"code":0,"message":"","data":{"crowdId":10023344,"crowdStatus":1,"msg":"待生效","matchType":"OAID-MD5"}}
2026-07-20 09:36:54,595 [60] ERROR Ad.Web.BackgroudService.MktAudienceFileService - wifi文件 查询人群包状态失败: statusResult={"code":0,"message":"","data":{"crowdId":10023345,"crowdStatus":1,"msg":"待生效","matchType":"OAID-MD5"}}
2026-07-20 09:36:54,619 [60] ERROR Ad.Web.BackgroudService.MktAudienceFileService - wifi文件 查询人群包状态失败: statusResult={"code":0,"message":"","data":{"crowdId":10023346,"crowdStatus":1,"msg":"待生效","matchType":"OAID-MD5"}}
2026-07-20 09:36:54,644 [60] ERROR Ad.Web.BackgroudService.MktAudienceFileService - wifi文件 查询人群包状态失败: statusResult={"code":0,"message":"","data":{"crowdId":10023347,"crowdStatus":1,"msg":"待生效","matchType":"OAID-MD5"}}
2026-07-20 09:36:54,667 [60] ERROR Ad.Web.BackgroudService.MktAudienceFileService - wifi文件 查询人群包状态失败: statusResult={"code":0,"message":"","data":{"crowdId":10023348,"crowdStatus":1,"msg":"待生效","matchType":"OAID-MD5"}}
2026-07-20 09:36:54,691 [60] ERROR Ad.Web.BackgroudService.MktAudienceFileService - wifi文件 查询人群包状态失败: statusResult={"code":0,"message":"","data":{"crowdId":10023349,"crowdStatus":1,"msg":"待生效","matchType":"OAID-MD5"}}
2026-07-20 09:36:54,715 [60] ERROR Ad.Web.BackgroudService.MktAudienceFileService - wifi文件 查询人群包状态失败: statusResult={"code":0,"message":"","data":{"crowdId":10023350,"crowdStatus":1,"msg":"待生效","matchType":"OAID-MD5"}}
2026-07-20 09:36:54,739 [60] ERROR Ad.Web.BackgroudService.MktAudienceFileService - wifi文件 查询人群包状态失败: statusResult={"code":0,"message":"","data":{"crowdId":10023435,"crowdStatus":5,"msg":"待生效","matchType":"OAID-MD5"}}
2026-07-20 09:46:50,762 [42] ERROR Ad.Web.BackgroudService.MktDownloadService - FtpGetFileSize ex.msg:The remote server returned an error: (550) File unavailable (e.g., file not found, no access).
2026-07-20 09:46:53,087 [42] ERROR Ad.Web.BackgroudService.MktAudienceFileService - huawei文件 查询人群包状态失败: result={"code":200,"message":"Success","value":{"dmpID":"1953077773933364096","audiences":[{"id":"203265","name":[{"language":"zh","country":null,"value":"闲鱼定向包_20260528_bucket0"}],"description":[],"scale":423523,"status":1,"adsAudienceId":"1779951406791","updateTime":"2026-07-19 18:14:06","coverageCountReal":"42567700"}]}}
2026-07-20 09:46:53,583 [42] ERROR Ad.Web.BackgroudService.MktAudienceFileService - huawei文件 查询人群包状态失败: result={"code":200,"message":"Success","value":{"dmpID":"1953077773933364096","audiences":[{"id":"866959","name":[{"language":"zh","country":null,"value":"闲鱼点击人群_20260525_bucket0"}],"description":[],"scale":832499,"status":1,"adsAudienceId":"1779707070601","updateTime":"2026-07-20 06:38:45","coverageCountReal":"471104"}]}}
2026-07-20 09:46:53,706 [87] ERROR Ad.Web.BackgroudService.MktAudienceFileService - wifi文件 查询人群包状态失败: statusResult={"code":0,"message":"","data":{"crowdId":10023331,"crowdStatus":1,"msg":"待生效","matchType":"OAID-MD5"}}
2026-07-20 09:46:53,731 [87] ERROR Ad.Web.BackgroudService.MktAudienceFileService - wifi文件 查询人群包状态失败: statusResult={"code":0,"message":"","data":{"crowdId":10023395,"crowdStatus":1,"msg":"待生效","matchType":"OAID-MD5"}}
2026-07-20 09:46:53,756 [170] ERROR Ad.Web.BackgroudService.MktAudienceFileService - wifi文件 查询人群包状态失败: statusResult={"code":0,"message":"","data":{"crowdId":10023337,"crowdStatus":1,"msg":"待生效","matchType":"OAID-MD5"}}
2026-07-20 09:46:53,781 [87] ERROR Ad.Web.BackgroudService.MktAudienceFileService - wifi文件 查询人群包状态失败: statusResult={"code":0,"message":"","data":{"crowdId":10023338,"crowdStatus":1,"msg":"待生效","matchType":"OAID-MD5"}}
2026-07-20 09:46:53,806 [87] ERROR Ad.Web.BackgroudService.MktAudienceFileService - wifi文件 查询人群包状态失败: statusResult={"code":0,"message":"","data":{"crowdId":10023339,"crowdStatus":1,"msg":"待生效","matchType":"OAID-MD5"}}
2026-07-20 09:46:53,832 [87] ERROR Ad.Web.BackgroudService.MktAudienceFileService - wifi文件 查询人群包状态失败: statusResult={"code":0,"message":"","data":{"crowdId":10023340,"crowdStatus":1,"msg":"待生效","matchType":"OAID-MD5"}}
2026-07-20 09:46:53,861 [42] ERROR Ad.Web.BackgroudService.MktAudienceFileService - wifi文件 查询人群包状态失败: statusResult={"code":0,"message":"","data":{"crowdId":10023341,"crowdStatus":1,"msg":"待生效","matchType":"OAID-MD5"}}
2026-07-20 09:46:53,888 [42] ERROR Ad.Web.BackgroudService.MktAudienceFileService - wifi文件 查询人群包状态失败: statusResult={"code":0,"message":"","data":{"crowdId":10023342,"crowdStatus":1,"msg":"待生效","matchType":"OAID-MD5"}}
2026-07-20 09:46:53,914 [89] ERROR Ad.Web.BackgroudService.MktAudienceFileService - wifi文件 查询人群包状态失败: statusResult={"code":0,"message":"","data":{"crowdId":10023343,"crowdStatus":1,"msg":"待生效","matchType":"OAID-MD5"}}
2026-07-20 09:46:53,938 [87] ERROR Ad.Web.BackgroudService.MktAudienceFileService - wifi文件 查询人群包状态失败: statusResult={"code":0,"message":"","data":{"crowdId":10023344,"crowdStatus":1,"msg":"待生效","matchType":"OAID-MD5"}}
2026-07-20 09:46:53,963 [87] ERROR Ad.Web.BackgroudService.MktAudienceFileService - wifi文件 查询人群包状态失败: statusResult={"code":0,"message":"","data":{"crowdId":10023345,"crowdStatus":1,"msg":"待生效","matchType":"OAID-MD5"}}
2026-07-20 09:46:53,988 [42] ERROR Ad.Web.BackgroudService.MktAudienceFileService - wifi文件 查询人群包状态失败: statusResult={"code":0,"message":"","data":{"crowdId":10023346,"crowdStatus":1,"msg":"待生效","matchType":"OAID-MD5"}}
2026-07-20 09:46:54,025 [87] ERROR Ad.Web.BackgroudService.MktAudienceFileService - wifi文件 查询人群包状态失败: statusResult={"code":0,"message":"","data":{"crowdId":10023347,"crowdStatus":1,"msg":"待生效","matchType":"OAID-MD5"}}
2026-07-20 09:46:54,049 [170] ERROR Ad.Web.BackgroudService.MktAudienceFileService - wifi文件 查询人群包状态失败: statusResult={"code":0,"message":"","data":{"crowdId":10023348,"crowdStatus":1,"msg":"待生效","matchType":"OAID-MD5"}}
2026-07-20 09:46:54,078 [42] ERROR Ad.Web.BackgroudService.MktAudienceFileService - wifi文件 查询人群包状态失败: statusResult={"code":0,"message":"","data":{"crowdId":10023349,"crowdStatus":1,"msg":"待生效","matchType":"OAID-MD5"}}
2026-07-20 09:46:54,104 [42] ERROR Ad.Web.BackgroudService.MktAudienceFileService - wifi文件 查询人群包状态失败: statusResult={"code":0,"message":"","data":{"crowdId":10023350,"crowdStatus":1,"msg":"待生效","matchType":"OAID-MD5"}}
2026-07-20 09:46:54,135 [170] ERROR Ad.Web.BackgroudService.MktAudienceFileService - wifi文件 查询人群包状态失败: statusResult={"code":0,"message":"","data":{"crowdId":10023435,"crowdStatus":5,"msg":"待生效","matchType":"OAID-MD5"}}
2026-07-20 09:56:53,756 [154] ERROR Ad.Web.BackgroudService.MktAudienceFileService - huawei文件 查询人群包状态失败: result={"code":200,"message":"Success","value":{"dmpID":"1953077773933364096","audiences":[{"id":"203265","name":[{"language":"zh","country":null,"value":"闲鱼定向包_20260528_bucket0"}],"description":[],"scale":423523,"status":1,"adsAudienceId":"1779951406791","updateTime":"2026-07-19 18:14:06","coverageCountReal":"42567700"}]}}
2026-07-20 09:56:54,263 [154] ERROR Ad.Web.BackgroudService.MktAudienceFileService - huawei文件 查询人群包状态失败: result={"code":200,"message":"Success","value":{"dmpID":"1953077773933364096","audiences":[{"id":"866959","name":[{"language":"zh","country":null,"value":"闲鱼点击人群_20260525_bucket0"}],"description":[],"scale":832499,"status":1,"adsAudienceId":"1779707070601","updateTime":"2026-07-20 06:38:45","coverageCountReal":"471104"}]}}
2026-07-20 09:56:54,569 [100] ERROR Ad.Web.BackgroudService.MktAudienceFileService - wifi文件 查询人群包状态失败: statusResult={"code":0,"message":"","data":{"crowdId":10023331,"crowdStatus":1,"msg":"待生效","matchType":"OAID-MD5"}}
2026-07-20 09:56:54,593 [100] ERROR Ad.Web.BackgroudService.MktAudienceFileService - wifi文件 查询人群包状态失败: statusResult={"code":0,"message":"","data":{"crowdId":10023395,"crowdStatus":1,"msg":"待生效","matchType":"OAID-MD5"}}
2026-07-20 09:56:54,617 [100] ERROR Ad.Web.BackgroudService.MktAudienceFileService - wifi文件 查询人群包状态失败: statusResult={"code":0,"message":"","data":{"crowdId":10023337,"crowdStatus":1,"msg":"待生效","matchType":"OAID-MD5"}}
2026-07-20 09:56:54,642 [100] ERROR Ad.Web.BackgroudService.MktAudienceFileService - wifi文件 查询人群包状态失败: statusResult={"code":0,"message":"","data":{"crowdId":10023338,"crowdStatus":1,"msg":"待生效","matchType":"OAID-MD5"}}
2026-07-20 09:56:54,665 [100] ERROR Ad.Web.BackgroudService.MktAudienceFileService - wifi文件 查询人群包状态失败: statusResult={"code":0,"message":"","data":{"crowdId":10023339,"crowdStatus":1,"msg":"待生效","matchType":"OAID-MD5"}}
2026-07-20 09:56:54,816 [100] ERROR Ad.Web.BackgroudService.MktAudienceFileService - wifi文件 查询人群包状态失败: statusResult={"code":0,"message":"","data":{"crowdId":10023340,"crowdStatus":1,"msg":"待生效","matchType":"OAID-MD5"}}
2026-07-20 09:56:54,863 [100] ERROR Ad.Web.BackgroudService.MktAudienceFileService - wifi文件 查询人群包状态失败: statusResult={"code":0,"message":"","data":{"crowdId":10023341,"crowdStatus":1,"msg":"待生效","matchType":"OAID-MD5"}}
2026-07-20 09:56:54,952 [100] ERROR Ad.Web.BackgroudService.MktAudienceFileService - wifi文件 查询人群包状态失败: statusResult={"code":0,"message":"","data":{"crowdId":10023342,"crowdStatus":1,"msg":"待生效","matchType":"OAID-MD5"}}
2026-07-20 09:56:55,012 [100] ERROR Ad.Web.BackgroudService.MktAudienceFileService - wifi文件 查询人群包状态失败: statusResult={"code":0,"message":"","data":{"crowdId":10023343,"crowdStatus":1,"msg":"待生效","matchType":"OAID-MD5"}}
2026-07-20 09:56:55,104 [100] ERROR Ad.Web.BackgroudService.MktAudienceFileService - wifi文件 查询人群包状态失败: statusResult={"code":0,"message":"","data":{"crowdId":10023344,"crowdStatus":1,"msg":"待生效","matchType":"OAID-MD5"}}
2026-07-20 09:56:55,201 [100] ERROR Ad.Web.BackgroudService.MktAudienceFileService - wifi文件 查询人群包状态失败: statusResult={"code":0,"message":"","data":{"crowdId":10023345,"crowdStatus":1,"msg":"待生效","matchType":"OAID-MD5"}}
2026-07-20 09:56:55,276 [100] ERROR Ad.Web.BackgroudService.MktAudienceFileService - wifi文件 查询人群包状态失败: statusResult={"code":0,"message":"","data":{"crowdId":10023346,"crowdStatus":1,"msg":"待生效","matchType":"OAID-MD5"}}
2026-07-20 09:56:55,301 [100] ERROR Ad.Web.BackgroudService.MktAudienceFileService - wifi文件 查询人群包状态失败: statusResult={"code":0,"message":"","data":{"crowdId":10023347,"crowdStatus":1,"msg":"待生效","matchType":"OAID-MD5"}}
2026-07-20 09:56:55,325 [100] ERROR Ad.Web.BackgroudService.MktAudienceFileService - wifi文件 查询人群包状态失败: statusResult={"code":0,"message":"","data":{"crowdId":10023348,"crowdStatus":1,"msg":"待生效","matchType":"OAID-MD5"}}
2026-07-20 09:56:55,466 [100] ERROR Ad.Web.BackgroudService.MktAudienceFileService - wifi文件 查询人群包状态失败: statusResult={"code":0,"message":"","data":{"crowdId":10023349,"crowdStatus":1,"msg":"待生效","matchType":"OAID-MD5"}}
2026-07-20 09:56:55,599 [100] ERROR Ad.Web.BackgroudService.MktAudienceFileService - wifi文件 查询人群包状态失败: statusResult={"code":0,"message":"","data":{"crowdId":10023350,"crowdStatus":1,"msg":"待生效","matchType":"OAID-MD5"}}
2026-07-20 09:56:55,687 [100] ERROR Ad.Web.BackgroudService.MktAudienceFileService - wifi文件 查询人群包状态失败: statusResult={"code":0,"message":"","data":{"crowdId":10023435,"crowdStatus":5,"msg":"待生效","matchType":"OAID-MD5"}}
2026-07-20 10:04:21,550 [165] ERROR Models.Ocpx.AccountGroup - Export DownloadAsync dspName:autohome startDate:2026-06-20 endDate:2026-07-19 fileName:oaid
2026-07-20 10:06:52,790 [138] ERROR Ad.Web.BackgroudService.MktAudienceFileService - huawei文件 查询人群包状态失败: result={"code":200,"message":"Success","value":{"dmpID":"1953077773933364096","audiences":[{"id":"203265","name":[{"language":"zh","country":null,"value":"闲鱼定向包_20260528_bucket0"}],"description":[],"scale":423523,"status":1,"adsAudienceId":"1779951406791","updateTime":"2026-07-19 18:14:06","coverageCountReal":"42567700"}]}}
2026-07-20 10:06:53,280 [138] ERROR Ad.Web.BackgroudService.MktAudienceFileService - huawei文件 查询人群包状态失败: result={"code":200,"message":"Success","value":{"dmpID":"1953077773933364096","audiences":[{"id":"866959","name":[{"language":"zh","country":null,"value":"闲鱼点击人群_20260525_bucket0"}],"description":[],"scale":832499,"status":1,"adsAudienceId":"1779707070601","updateTime":"2026-07-20 06:38:45","coverageCountReal":"471104"}]}}
2026-07-20 10:06:53,399 [129] ERROR Ad.Web.BackgroudService.MktAudienceFileService - wifi文件 查询人群包状态失败: statusResult={"code":0,"message":"","data":{"crowdId":10023331,"crowdStatus":1,"msg":"待生效","matchType":"OAID-MD5"}}
2026-07-20 10:06:53,424 [129] ERROR Ad.Web.BackgroudService.MktAudienceFileService - wifi文件 查询人群包状态失败: statusResult={"code":0,"message":"","data":{"crowdId":10023395,"crowdStatus":1,"msg":"待生效","matchType":"OAID-MD5"}}
2026-07-20 10:06:53,448 [129] ERROR Ad.Web.BackgroudService.MktAudienceFileService - wifi文件 查询人群包状态失败: statusResult={"code":0,"message":"","data":{"crowdId":10023337,"crowdStatus":1,"msg":"待生效","matchType":"OAID-MD5"}}
2026-07-20 10:06:53,470 [129] ERROR Ad.Web.BackgroudService.MktAudienceFileService - wifi文件 查询人群包状态失败: statusResult={"code":0,"message":"","data":{"crowdId":10023338,"crowdStatus":1,"msg":"待生效","matchType":"OAID-MD5"}}
2026-07-20 10:06:53,493 [129] ERROR Ad.Web.BackgroudService.MktAudienceFileService - wifi文件 查询人群包状态失败: statusResult={"code":0,"message":"","data":{"crowdId":10023339,"crowdStatus":1,"msg":"待生效","matchType":"OAID-MD5"}}
2026-07-20 10:06:53,516 [129] ERROR Ad.Web.BackgroudService.MktAudienceFileService - wifi文件 查询人群包状态失败: statusResult={"code":0,"message":"","data":{"crowdId":10023340,"crowdStatus":1,"msg":"待生效","matchType":"OAID-MD5"}}
2026-07-20 10:06:53,539 [129] ERROR Ad.Web.BackgroudService.MktAudienceFileService - wifi文件 查询人群包状态失败: statusResult={"code":0,"message":"","data":{"crowdId":10023341,"crowdStatus":1,"msg":"待生效","matchType":"OAID-MD5"}}
2026-07-20 10:06:53,562 [129] ERROR Ad.Web.BackgroudService.MktAudienceFileService - wifi文件 查询人群包状态失败: statusResult={"code":0,"message":"","data":{"crowdId":10023342,"crowdStatus":1,"msg":"待生效","matchType":"OAID-MD5"}}
2026-07-20 10:06:53,585 [129] ERROR Ad.Web.BackgroudService.MktAudienceFileService - wifi文件 查询人群包状态失败: statusResult={"code":0,"message":"","data":{"crowdId":10023343,"crowdStatus":1,"msg":"待生效","matchType":"OAID-MD5"}}
2026-07-20 10:06:53,609 [129] ERROR Ad.Web.BackgroudService.MktAudienceFileService - wifi文件 查询人群包状态失败: statusResult={"code":0,"message":"","data":{"crowdId":10023344,"crowdStatus":1,"msg":"待生效","matchType":"OAID-MD5"}}
2026-07-20 10:06:53,632 [129] ERROR Ad.Web.BackgroudService.MktAudienceFileService - wifi文件 查询人群包状态失败: statusResult={"code":0,"message":"","data":{"crowdId":10023345,"crowdStatus":1,"msg":"待生效","matchType":"OAID-MD5"}}
2026-07-20 10:06:53,654 [129] ERROR Ad.Web.BackgroudService.MktAudienceFileService - wifi文件 查询人群包状态失败: statusResult={"code":0,"message":"","data":{"crowdId":10023346,"crowdStatus":1,"msg":"待生效","matchType":"OAID-MD5"}}
2026-07-20 10:06:53,677 [129] ERROR Ad.Web.BackgroudService.MktAudienceFileService - wifi文件 查询人群包状态失败: statusResult={"code":0,"message":"","data":{"crowdId":10023347,"crowdStatus":1,"msg":"待生效","matchType":"OAID-MD5"}}
2026-07-20 10:06:53,700 [129] ERROR Ad.Web.BackgroudService.MktAudienceFileService - wifi文件 查询人群包状态失败: statusResult={"code":0,"message":"","data":{"crowdId":10023348,"crowdStatus":1,"msg":"待生效","matchType":"OAID-MD5"}}
2026-07-20 10:06:53,723 [129] ERROR Ad.Web.BackgroudService.MktAudienceFileService - wifi文件 查询人群包状态失败: statusResult={"code":0,"message":"","data":{"crowdId":10023349,"crowdStatus":1,"msg":"待生效","matchType":"OAID-MD5"}}
2026-07-20 10:06:53,746 [129] ERROR Ad.Web.BackgroudService.MktAudienceFileService - wifi文件 查询人群包状态失败: statusResult={"code":0,"message":"","data":{"crowdId":10023350,"crowdStatus":1,"msg":"待生效","matchType":"OAID-MD5"}}
2026-07-20 10:06:53,769 [129] ERROR Ad.Web.BackgroudService.MktAudienceFileService - wifi文件 查询人群包状态失败: statusResult={"code":0,"message":"","data":{"crowdId":10023435,"crowdStatus":5,"msg":"待生效","matchType":"OAID-MD5"}}
2026-07-20 10:07:03,109 [193] ERROR Models.Ocpx.AccountGroup - Export DownloadAsync dspName:aliquark startDate:2026-07-13 endDate:2026-07-19 fileName:oaid
2026-07-20 10:08:10,376 [128] ERROR Models.Ocpx.AccountGroup - Export DownloadAsync dspName:aliquark startDate:2026-07-13 endDate:2026-07-19 fileName:oaid
2026-07-20 10:08:37,026 [193] ERROR Models.Ocpx.AccountGroup - Export DownloadAsync dspName:aliquark startDate:2026-07-14 endDate:2026-07-20 fileName:oaid
2026-07-20 10:16:50,749 [114] ERROR Ad.Web.BackgroudService.MktDownloadService - FtpGetFileSize ex.msg:The remote server returned an error: (550) File unavailable (e.g., file not found, no access).
2026-07-20 10:16:52,922 [83] ERROR Ad.Web.BackgroudService.MktAudienceFileService - huawei文件 查询人群包状态失败: result={"code":200,"message":"Success","value":{"dmpID":"1953077773933364096","audiences":[{"id":"203265","name":[{"language":"zh","country":null,"value":"闲鱼定向包_20260528_bucket0"}],"description":[],"scale":423523,"status":1,"adsAudienceId":"1779951406791","updateTime":"2026-07-19 18:14:06","coverageCountReal":"42567700"}]}}
2026-07-20 10:16:53,406 [154] ERROR Ad.Web.BackgroudService.MktAudienceFileService - huawei文件 查询人群包状态失败: result={"code":200,"message":"Success","value":{"dmpID":"1953077773933364096","audiences":[{"id":"866959","name":[{"language":"zh","country":null,"value":"闲鱼点击人群_20260525_bucket0"}],"description":[],"scale":832499,"status":1,"adsAudienceId":"1779707070601","updateTime":"2026-07-20 06:38:45","coverageCountReal":"471104"}]}}
2026-07-20 10:16:53,529 [154] ERROR Ad.Web.BackgroudService.MktAudienceFileService - wifi文件 查询人群包状态失败: statusResult={"code":0,"message":"","data":{"crowdId":10023331,"crowdStatus":1,"msg":"待生效","matchType":"OAID-MD5"}}
2026-07-20 10:16:53,554 [171] ERROR Ad.Web.BackgroudService.MktAudienceFileService - wifi文件 查询人群包状态失败: statusResult={"code":0,"message":"","data":{"crowdId":10023395,"crowdStatus":1,"msg":"待生效","matchType":"OAID-MD5"}}
2026-07-20 10:16:53,580 [154] ERROR Ad.Web.BackgroudService.MktAudienceFileService - wifi文件 查询人群包状态失败: statusResult={"code":0,"message":"","data":{"crowdId":10023337,"crowdStatus":1,"msg":"待生效","matchType":"OAID-MD5"}}
2026-07-20 10:16:53,603 [83] ERROR Ad.Web.BackgroudService.MktAudienceFileService - wifi文件 查询人群包状态失败: statusResult={"code":0,"message":"","data":{"crowdId":10023338,"crowdStatus":1,"msg":"待生效","matchType":"OAID-MD5"}}
2026-07-20 10:16:53,627 [154] ERROR Ad.Web.BackgroudService.MktAudienceFileService - wifi文件 查询人群包状态失败: statusResult={"code":0,"message":"","data":{"crowdId":10023339,"crowdStatus":1,"msg":"待生效","matchType":"OAID-MD5"}}
2026-07-20 10:16:53,651 [171] ERROR Ad.Web.BackgroudService.MktAudienceFileService - wifi文件 查询人群包状态失败: statusResult={"code":0,"message":"","data":{"crowdId":10023340,"crowdStatus":1,"msg":"待生效","matchType":"OAID-MD5"}}
2026-07-20 10:16:53,675 [154] ERROR Ad.Web.BackgroudService.MktAudienceFileService - wifi文件 查询人群包状态失败: statusResult={"code":0,"message":"","data":{"crowdId":10023341,"crowdStatus":1,"msg":"待生效","matchType":"OAID-MD5"}}
2026-07-20 10:16:53,699 [154] ERROR Ad.Web.BackgroudService.MktAudienceFileService - wifi文件 查询人群包状态失败: statusResult={"code":0,"message":"","data":{"crowdId":10023342,"crowdStatus":1,"msg":"待生效","matchType":"OAID-MD5"}}
2026-07-20 10:16:53,724 [58] ERROR Ad.Web.BackgroudService.MktAudienceFileService - wifi文件 查询人群包状态失败: statusResult={"code":0,"message":"","data":{"crowdId":10023343,"crowdStatus":1,"msg":"待生效","matchType":"OAID-MD5"}}
2026-07-20 10:16:53,748 [154] ERROR Ad.Web.BackgroudService.MktAudienceFileService - wifi文件 查询人群包状态失败: statusResult={"code":0,"message":"","data":{"crowdId":10023344,"crowdStatus":1,"msg":"待生效","matchType":"OAID-MD5"}}
2026-07-20 10:16:53,773 [58] ERROR Ad.Web.BackgroudService.MktAudienceFileService - wifi文件 查询人群包状态失败: statusResult={"code":0,"message":"","data":{"crowdId":10023345,"crowdStatus":1,"msg":"待生效","matchType":"OAID-MD5"}}
2026-07-20 10:16:53,798 [58] ERROR Ad.Web.BackgroudService.MktAudienceFileService - wifi文件 查询人群包状态失败: statusResult={"code":0,"message":"","data":{"crowdId":10023346,"crowdStatus":1,"msg":"待生效","matchType":"OAID-MD5"}}
2026-07-20 10:16:53,822 [58] ERROR Ad.Web.BackgroudService.MktAudienceFileService - wifi文件 查询人群包状态失败: statusResult={"code":0,"message":"","data":{"crowdId":10023347,"crowdStatus":1,"msg":"待生效","matchType":"OAID-MD5"}}
2026-07-20 10:16:53,846 [58] ERROR Ad.Web.BackgroudService.MktAudienceFileService - wifi文件 查询人群包状态失败: statusResult={"code":0,"message":"","data":{"crowdId":10023348,"crowdStatus":1,"msg":"待生效","matchType":"OAID-MD5"}}
2026-07-20 10:16:53,869 [154] ERROR Ad.Web.BackgroudService.MktAudienceFileService - wifi文件 查询人群包状态失败: statusResult={"code":0,"message":"","data":{"crowdId":10023349,"crowdStatus":1,"msg":"待生效","matchType":"OAID-MD5"}}
2026-07-20 10:16:53,892 [154] ERROR Ad.Web.BackgroudService.MktAudienceFileService - wifi文件 查询人群包状态失败: statusResult={"code":0,"message":"","data":{"crowdId":10023350,"crowdStatus":1,"msg":"待生效","matchType":"OAID-MD5"}}
2026-07-20 10:16:53,916 [83] ERROR Ad.Web.BackgroudService.MktAudienceFileService - wifi文件 查询人群包状态失败: statusResult={"code":0,"message":"","data":{"crowdId":10023435,"crowdStatus":5,"msg":"待生效","matchType":"OAID-MD5"}}
